frame_index,timestamp_unix,timestamp_iso
0,1765231565.4183512,2025-12-08T22:06:05.422349
1,1765231565.4560306,2025-12-08T22:06:05.456030
2,1765231565.4899433,2025-12-08T22:06:05.489943
3,1765231565.5237615,2025-12-08T22:06:05.523761
4,1765231565.5573275,2025-12-08T22:06:05.557327
5,1765231565.5907924,2025-12-08T22:06:05.590792
6,1765231565.624446,2025-12-08T22:06:05.624446
7,1765231565.657988,2025-12-08T22:06:05.657988
8,1765231565.6915913,2025-12-08T22:06:05.691591
9,1765231565.7253733,2025-12-08T22:06:05.725373
10,1765231565.7591982,2025-12-08T22:06:05.759198
11,1765231565.7927437,2025-12-08T22:06:05.792743
12,1765231565.8265302,2025-12-08T22:06:05.826530
13,1765231565.8601859,2025-12-08T22:06:05.860185
14,1765231565.8937309,2025-12-08T22:06:05.893730
15,1765231565.92774,2025-12-08T22:06:05.927740
16,1765231565.9616103,2025-12-08T22:06:05.961610
17,1765231565.9950917,2025-12-08T22:06:05.995091
18,1765231566.028786,2025-12-08T22:06:06.028785
19,1765231566.0626478,2025-12-08T22:06:06.062647
20,1765231566.0960562,2025-12-08T22:06:06.096056
21,1765231566.1296947,2025-12-08T22:06:06.129694
22,1765231566.1631002,2025-12-08T22:06:06.163100
23,1765231566.1966128,2025-12-08T22:06:06.196612
24,1765231566.230183,2025-12-08T22:06:06.230182
25,1765231566.2638092,2025-12-08T22:06:06.263809
26,1765231566.2973292,2025-12-08T22:06:06.297329
27,1765231566.3310866,2025-12-08T22:06:06.331086
28,1765231566.364598,2025-12-08T22:06:06.364597
29,1765231566.3981092,2025-12-08T22:06:06.398109
30,1765231566.431628,2025-12-08T22:06:06.431628
31,1765231566.4651444,2025-12-08T22:06:06.465144
32,1765231566.4987447,2025-12-08T22:06:06.498744
33,1765231566.5322692,2025-12-08T22:06:06.532269
34,1765231566.5658116,2025-12-08T22:06:06.565811
35,1765231566.5993266,2025-12-08T22:06:06.599326
36,1765231566.6327343,2025-12-08T22:06:06.632734
37,1765231566.6662292,2025-12-08T22:06:06.666229
38,1765231566.6997375,2025-12-08T22:06:06.699737
39,1765231566.7332754,2025-12-08T22:06:06.733275
40,1765231566.766677,2025-12-08T22:06:06.766676
41,1765231566.8001127,2025-12-08T22:06:06.800112
42,1765231566.8336968,2025-12-08T22:06:06.833696
43,1765231566.8671303,2025-12-08T22:06:06.867130
44,1765231566.9005733,2025-12-08T22:06:06.900573
45,1765231566.9340875,2025-12-08T22:06:06.934087
46,1765231566.9675992,2025-12-08T22:06:06.967599
47,1765231567.001112,2025-12-08T22:06:07.001112
48,1765231567.0346396,2025-12-08T22:06:07.034639
49,1765231567.068151,2025-12-08T22:06:07.068151
50,1765231567.1016636,2025-12-08T22:06:07.101663
51,1765231567.1351798,2025-12-08T22:06:07.135179
52,1765231567.168694,2025-12-08T22:06:07.168694
53,1765231567.2022655,2025-12-08T22:06:07.202265
54,1765231567.2357924,2025-12-08T22:06:07.235792
55,1765231567.269306,2025-12-08T22:06:07.269305
56,1765231567.303316,2025-12-08T22:06:07.303316
57,1765231567.337047,2025-12-08T22:06:07.337047
58,1765231567.370586,2025-12-08T22:06:07.370585
59,1765231567.4045982,2025-12-08T22:06:07.404598
60,1765231567.4384708,2025-12-08T22:06:07.438471
61,1765231567.4743059,2025-12-08T22:06:07.474305
62,1765231567.50831,2025-12-08T22:06:07.508310
63,1765231567.5418398,2025-12-08T22:06:07.541840
64,1765231567.5786643,2025-12-08T22:06:07.578664
65,1765231567.6131966,2025-12-08T22:06:07.613196
66,1765231567.6468954,2025-12-08T22:06:07.646895
67,1765231567.6804404,2025-12-08T22:06:07.680440
68,1765231567.7139695,2025-12-08T22:06:07.713969
69,1765231567.7476594,2025-12-08T22:06:07.747659
70,1765231567.7814012,2025-12-08T22:06:07.781401
71,1765231567.814917,2025-12-08T22:06:07.814917
72,1765231567.8484373,2025-12-08T22:06:07.848437
73,1765231567.8819776,2025-12-08T22:06:07.881977
74,1765231567.915742,2025-12-08T22:06:07.915742
75,1765231567.949555,2025-12-08T22:06:07.949554
76,1765231567.983473,2025-12-08T22:06:07.983473
77,1765231568.0172265,2025-12-08T22:06:08.017226
78,1765231568.0508413,2025-12-08T22:06:08.050841
79,1765231568.0846367,2025-12-08T22:06:08.084636
80,1765231568.1182382,2025-12-08T22:06:08.118238
81,1765231568.1520736,2025-12-08T22:06:08.152073
82,1765231568.1858413,2025-12-08T22:06:08.185841
83,1765231568.2194455,2025-12-08T22:06:08.219445
84,1765231568.2529714,2025-12-08T22:06:08.252971
85,1765231568.286661,2025-12-08T22:06:08.286660
86,1765231568.3201776,2025-12-08T22:06:08.320177
87,1765231568.3535879,2025-12-08T22:06:08.353588
88,1765231568.387114,2025-12-08T22:06:08.387114
89,1765231568.4206135,2025-12-08T22:06:08.420613
90,1765231568.4542623,2025-12-08T22:06:08.454262
91,1765231568.4877834,2025-12-08T22:06:08.487783
92,1765231568.5211978,2025-12-08T22:06:08.521197
93,1765231568.554731,2025-12-08T22:06:08.554730
94,1765231568.5883806,2025-12-08T22:06:08.588380
95,1765231568.6218982,2025-12-08T22:06:08.621898
96,1765231568.655426,2025-12-08T22:06:08.655426
97,1765231568.6892455,2025-12-08T22:06:08.689245
98,1765231568.7229476,2025-12-08T22:06:08.722947
99,1765231568.7564805,2025-12-08T22:06:08.756480
100,1765231568.7899075,2025-12-08T22:06:08.789907
101,1765231568.8233168,2025-12-08T22:06:08.823316
102,1765231568.857086,2025-12-08T22:06:08.857085
103,1765231568.8906035,2025-12-08T22:06:08.890603
104,1765231568.9244213,2025-12-08T22:06:08.924421
105,1765231568.9578574,2025-12-08T22:06:08.957857
106,1765231568.9913719,2025-12-08T22:06:08.991371
107,1765231569.0249324,2025-12-08T22:06:09.024932
108,1765231569.058551,2025-12-08T22:06:09.058551
109,1765231569.0924766,2025-12-08T22:06:09.092476
110,1765231569.1262693,2025-12-08T22:06:09.126269
111,1765231569.159769,2025-12-08T22:06:09.159769
112,1765231569.1932576,2025-12-08T22:06:09.193257
113,1765231569.226756,2025-12-08T22:06:09.226756
114,1765231569.2603831,2025-12-08T22:06:09.260383
115,1765231569.29426,2025-12-08T22:06:09.294259
116,1765231569.3279667,2025-12-08T22:06:09.327966
117,1765231569.3629963,2025-12-08T22:06:09.362996
118,1765231569.3970008,2025-12-08T22:06:09.397000
119,1765231569.4307823,2025-12-08T22:06:09.430782
120,1765231569.4672992,2025-12-08T22:06:09.467299
121,1765231569.5015874,2025-12-08T22:06:09.501587
122,1765231569.5353775,2025-12-08T22:06:09.535377
123,1765231569.5689127,2025-12-08T22:06:09.568912
124,1765231569.6023657,2025-12-08T22:06:09.602365
125,1765231569.635901,2025-12-08T22:06:09.635900
126,1765231569.6694157,2025-12-08T22:06:09.669415
127,1765231569.7059343,2025-12-08T22:06:09.705934
128,1765231569.7398174,2025-12-08T22:06:09.739817
129,1765231569.7733345,2025-12-08T22:06:09.773334
130,1765231569.8068495,2025-12-08T22:06:09.806849
131,1765231569.84039,2025-12-08T22:06:09.840389
132,1765231569.8739023,2025-12-08T22:06:09.873902
133,1765231569.907425,2025-12-08T22:06:09.907425
134,1765231569.942288,2025-12-08T22:06:09.942287
135,1765231569.9766395,2025-12-08T22:06:09.976639
136,1765231570.010301,2025-12-08T22:06:10.010301
137,1765231570.0437076,2025-12-08T22:06:10.043707
138,1765231570.0772333,2025-12-08T22:06:10.077233
139,1765231570.110809,2025-12-08T22:06:10.110809
140,1765231570.1442847,2025-12-08T22:06:10.144284
141,1765231570.1779761,2025-12-08T22:06:10.177976
142,1765231570.2114904,2025-12-08T22:06:10.211490
143,1765231570.245007,2025-12-08T22:06:10.245007
144,1765231570.2785218,2025-12-08T22:06:10.278521
145,1765231570.312288,2025-12-08T22:06:10.312287
146,1765231570.345785,2025-12-08T22:06:10.345784
147,1765231570.3813074,2025-12-08T22:06:10.381307
148,1765231570.415225,2025-12-08T22:06:10.415225
149,1765231570.448653,2025-12-08T22:06:10.448653
150,1765231570.4821882,2025-12-08T22:06:10.482188
151,1765231570.5157533,2025-12-08T22:06:10.515753
152,1765231570.5495775,2025-12-08T22:06:10.549577
153,1765231570.583093,2025-12-08T22:06:10.583093
154,1765231570.6166081,2025-12-08T22:06:10.616608
155,1765231570.650133,2025-12-08T22:06:10.650133
156,1765231570.6835694,2025-12-08T22:06:10.683569
157,1765231570.717084,2025-12-08T22:06:10.717083
158,1765231570.7509987,2025-12-08T22:06:10.750998
159,1765231570.7865272,2025-12-08T22:06:10.786527
160,1765231570.8210363,2025-12-08T22:06:10.821036
161,1765231570.8545523,2025-12-08T22:06:10.854552
162,1765231570.8884356,2025-12-08T22:06:10.888435
163,1765231570.9223025,2025-12-08T22:06:10.922302
164,1765231570.9559064,2025-12-08T22:06:10.955906
165,1765231570.9895122,2025-12-08T22:06:10.989512
166,1765231571.023526,2025-12-08T22:06:11.023525
167,1765231571.057128,2025-12-08T22:06:11.057127
168,1765231571.0906441,2025-12-08T22:06:11.090644
169,1765231571.1243043,2025-12-08T22:06:11.124304
170,1765231571.1578069,2025-12-08T22:06:11.157806
171,1765231571.1913307,2025-12-08T22:06:11.191330
172,1765231571.2251084,2025-12-08T22:06:11.225108
173,1765231571.2588649,2025-12-08T22:06:11.258864
174,1765231571.292847,2025-12-08T22:06:11.292846
175,1765231571.3266156,2025-12-08T22:06:11.326615
176,1765231571.3603313,2025-12-08T22:06:11.360331
177,1765231571.3938193,2025-12-08T22:06:11.393819
178,1765231571.4273412,2025-12-08T22:06:11.427341
179,1765231571.460922,2025-12-08T22:06:11.460922
180,1765231571.4944458,2025-12-08T22:06:11.494445
181,1765231571.5293236,2025-12-08T22:06:11.529323
182,1765231571.5638137,2025-12-08T22:06:11.563813
183,1765231571.5973182,2025-12-08T22:06:11.597318
184,1765231571.6308165,2025-12-08T22:06:11.630816
185,1765231571.6643252,2025-12-08T22:06:11.664325
186,1765231571.697819,2025-12-08T22:06:11.697818
187,1765231571.7352016,2025-12-08T22:06:11.735201
188,1765231571.7694519,2025-12-08T22:06:11.769451
189,1765231571.8033798,2025-12-08T22:06:11.803379
190,1765231571.8369112,2025-12-08T22:06:11.836911
191,1765231571.8704271,2025-12-08T22:06:11.870427
192,1765231571.9039412,2025-12-08T22:06:11.903941
193,1765231571.9378238,2025-12-08T22:06:11.937823
194,1765231571.9713414,2025-12-08T22:06:11.971341
195,1765231572.0050676,2025-12-08T22:06:12.005067
196,1765231572.038933,2025-12-08T22:06:12.038933
197,1765231572.0723715,2025-12-08T22:06:12.072371
198,1765231572.1063318,2025-12-08T22:06:12.106331
199,1765231572.1398067,2025-12-08T22:06:12.139806
200,1765231572.1736896,2025-12-08T22:06:12.173689
201,1765231572.2076323,2025-12-08T22:06:12.207632
202,1765231572.241152,2025-12-08T22:06:12.241152
203,1765231572.274838,2025-12-08T22:06:12.274837
204,1765231572.3083532,2025-12-08T22:06:12.308353
205,1765231572.342228,2025-12-08T22:06:12.342227
206,1765231572.3761005,2025-12-08T22:06:12.376100
207,1765231572.4112196,2025-12-08T22:06:12.411219
208,1765231572.445474,2025-12-08T22:06:12.445473
209,1765231572.4793415,2025-12-08T22:06:12.479341
210,1765231572.5128553,2025-12-08T22:06:12.512855
211,1765231572.546454,2025-12-08T22:06:12.546453
212,1765231572.5800302,2025-12-08T22:06:12.580030
213,1765231572.6137185,2025-12-08T22:06:12.613718
214,1765231572.6472359,2025-12-08T22:06:12.647235
215,1765231572.680835,2025-12-08T22:06:12.680835
216,1765231572.714348,2025-12-08T22:06:12.714348
217,1765231572.7479086,2025-12-08T22:06:12.747908
218,1765231572.7825372,2025-12-08T22:06:12.782537
219,1765231572.816905,2025-12-08T22:06:12.816904
220,1765231572.8503678,2025-12-08T22:06:12.850367
221,1765231572.8838506,2025-12-08T22:06:12.883850
222,1765231572.9173598,2025-12-08T22:06:12.917359
223,1765231572.9508882,2025-12-08T22:06:12.950888
224,1765231572.9844673,2025-12-08T22:06:12.984467
225,1765231573.0182133,2025-12-08T22:06:13.018213
226,1765231573.0519426,2025-12-08T22:06:13.051942
227,1765231573.0854726,2025-12-08T22:06:13.085472
228,1765231573.1194122,2025-12-08T22:06:13.119412
229,1765231573.1528583,2025-12-08T22:06:13.152858
230,1765231573.1863956,2025-12-08T22:06:13.186395
231,1765231573.2198021,2025-12-08T22:06:13.219802
232,1765231573.2533665,2025-12-08T22:06:13.253366
233,1765231573.286781,2025-12-08T22:06:13.286781
234,1765231573.3203282,2025-12-08T22:06:13.320328
235,1765231573.3539345,2025-12-08T22:06:13.353934
236,1765231573.3877747,2025-12-08T22:06:13.387774
237,1765231573.4212675,2025-12-08T22:06:13.421267
238,1765231573.4548666,2025-12-08T22:06:13.454866
239,1765231573.4883838,2025-12-08T22:06:13.488383
240,1765231573.5221174,2025-12-08T22:06:13.522117
241,1765231573.5557642,2025-12-08T22:06:13.555764
242,1765231573.589379,2025-12-08T22:06:13.589379
243,1765231573.6228654,2025-12-08T22:06:13.622865
244,1765231573.6563654,2025-12-08T22:06:13.656365
245,1765231573.6902492,2025-12-08T22:06:13.690249
246,1765231573.7238684,2025-12-08T22:06:13.723868
247,1765231573.7574785,2025-12-08T22:06:13.757478
248,1765231573.7915356,2025-12-08T22:06:13.791535
249,1765231573.8250782,2025-12-08T22:06:13.825078
250,1765231573.8585627,2025-12-08T22:06:13.858562
251,1765231573.8920767,2025-12-08T22:06:13.892076
252,1765231573.9255931,2025-12-08T22:06:13.925593
253,1765231573.9590034,2025-12-08T22:06:13.959003
254,1765231573.9925404,2025-12-08T22:06:13.992540
255,1765231574.026441,2025-12-08T22:06:14.026441
256,1765231574.0598783,2025-12-08T22:06:14.059878
257,1765231574.093383,2025-12-08T22:06:14.093383
258,1765231574.1268795,2025-12-08T22:06:14.126879
259,1765231574.1607637,2025-12-08T22:06:14.160763
260,1765231574.1943898,2025-12-08T22:06:14.194389
261,1765231574.2312508,2025-12-08T22:06:14.231250
262,1765231574.265269,2025-12-08T22:06:14.265269
263,1765231574.2987828,2025-12-08T22:06:14.298782
264,1765231574.3332999,2025-12-08T22:06:14.333299
265,1765231574.3678136,2025-12-08T22:06:14.367813
266,1765231574.4013865,2025-12-08T22:06:14.401386
267,1765231574.4374359,2025-12-08T22:06:14.437436
268,1765231574.4715,2025-12-08T22:06:14.471500
269,1765231574.5053313,2025-12-08T22:06:14.505331
270,1765231574.5389266,2025-12-08T22:06:14.538926
271,1765231574.5724885,2025-12-08T22:06:14.572488
272,1765231574.606083,2025-12-08T22:06:14.606082
273,1765231574.639968,2025-12-08T22:06:14.639968
274,1765231574.6734998,2025-12-08T22:06:14.673499
275,1765231574.7070146,2025-12-08T22:06:14.707014
276,1765231574.740721,2025-12-08T22:06:14.740720
277,1765231574.7742333,2025-12-08T22:06:14.774233
278,1765231574.8076582,2025-12-08T22:06:14.807658
279,1765231574.8413556,2025-12-08T22:06:14.841355
280,1765231574.8775234,2025-12-08T22:06:14.877523
281,1765231574.9119258,2025-12-08T22:06:14.911925
282,1765231574.9453552,2025-12-08T22:06:14.945355
283,1765231574.9789042,2025-12-08T22:06:14.978904
284,1765231575.0125017,2025-12-08T22:06:15.012501
285,1765231575.046296,2025-12-08T22:06:15.046295
286,1765231575.0818284,2025-12-08T22:06:15.081828
287,1765231575.1163385,2025-12-08T22:06:15.116338
288,1765231575.1498659,2025-12-08T22:06:15.149865
289,1765231575.1833818,2025-12-08T22:06:15.183381
290,1765231575.2171097,2025-12-08T22:06:15.217109
291,1765231575.2544177,2025-12-08T22:06:15.254417
292,1765231575.2884324,2025-12-08T22:06:15.288432
293,1765231575.3219194,2025-12-08T22:06:15.321919
294,1765231575.3553202,2025-12-08T22:06:15.355320
295,1765231575.388743,2025-12-08T22:06:15.388742
296,1765231575.422262,2025-12-08T22:06:15.422262
297,1765231575.4560466,2025-12-08T22:06:15.456046
298,1765231575.4895616,2025-12-08T22:06:15.489561
299,1765231575.5230777,2025-12-08T22:06:15.523077
300,1765231575.5569768,2025-12-08T22:06:15.556976
301,1765231575.5904925,2025-12-08T22:06:15.590492
302,1765231575.6239412,2025-12-08T22:06:15.623941
303,1765231575.6574547,2025-12-08T22:06:15.657454
304,1765231575.6914077,2025-12-08T22:06:15.691407
305,1765231575.724999,2025-12-08T22:06:15.724998
306,1765231575.7586005,2025-12-08T22:06:15.758600
307,1765231575.7921116,2025-12-08T22:06:15.792111
308,1765231575.8256278,2025-12-08T22:06:15.825627
309,1765231575.8595252,2025-12-08T22:06:15.859525
310,1765231575.8930418,2025-12-08T22:06:15.893041
311,1765231575.9277992,2025-12-08T22:06:15.927799
312,1765231575.9613187,2025-12-08T22:06:15.961318
313,1765231575.9948366,2025-12-08T22:06:15.994836
314,1765231576.028356,2025-12-08T22:06:16.028356
315,1765231576.0619235,2025-12-08T22:06:16.061923
316,1765231576.0954957,2025-12-08T22:06:16.095495
317,1765231576.1293216,2025-12-08T22:06:16.129321
318,1765231576.1631129,2025-12-08T22:06:16.163113
319,1765231576.1969295,2025-12-08T22:06:16.196929
320,1765231576.2308104,2025-12-08T22:06:16.230810
321,1765231576.2643278,2025-12-08T22:06:16.264327
322,1765231576.2987828,2025-12-08T22:06:16.298782
323,1765231576.3327916,2025-12-08T22:06:16.332791
324,1765231576.3663228,2025-12-08T22:06:16.366322
325,1765231576.4003336,2025-12-08T22:06:16.400333
326,1765231576.4337444,2025-12-08T22:06:16.433744
327,1765231576.4673872,2025-12-08T22:06:16.467387
328,1765231576.5039227,2025-12-08T22:06:16.503922
329,1765231576.5382707,2025-12-08T22:06:16.538270
330,1765231576.5717058,2025-12-08T22:06:16.571705
331,1765231576.605449,2025-12-08T22:06:16.605448
332,1765231576.6390593,2025-12-08T22:06:16.639059
333,1765231576.6730464,2025-12-08T22:06:16.673046
334,1765231576.7069466,2025-12-08T22:06:16.706946
335,1765231576.7407389,2025-12-08T22:06:16.740738
336,1765231576.7742522,2025-12-08T22:06:16.774252
337,1765231576.8077683,2025-12-08T22:06:16.807768
338,1765231576.841291,2025-12-08T22:06:16.841290
339,1765231576.8749547,2025-12-08T22:06:16.874954
340,1765231576.9114563,2025-12-08T22:06:16.911456
341,1765231576.9452367,2025-12-08T22:06:16.945236
342,1765231576.9789515,2025-12-08T22:06:16.978951
343,1765231577.0124497,2025-12-08T22:06:17.012449
344,1765231577.0463455,2025-12-08T22:06:17.046345
345,1765231577.0799408,2025-12-08T22:06:17.079940
346,1765231577.1135597,2025-12-08T22:06:17.113559
347,1765231577.1472468,2025-12-08T22:06:17.147246
348,1765231577.1807675,2025-12-08T22:06:17.180767
349,1765231577.2142904,2025-12-08T22:06:17.214290
350,1765231577.2479746,2025-12-08T22:06:17.247974
351,1765231577.2814603,2025-12-08T22:06:17.281460
352,1765231577.316479,2025-12-08T22:06:17.316478
353,1765231577.3509796,2025-12-08T22:06:17.350979
354,1765231577.3845296,2025-12-08T22:06:17.384529
355,1765231577.4179614,2025-12-08T22:06:17.417961
356,1765231577.451465,2025-12-08T22:06:17.451464
357,1765231577.4849775,2025-12-08T22:06:17.484977
358,1765231577.5186968,2025-12-08T22:06:17.518696
359,1765231577.5522332,2025-12-08T22:06:17.552233
360,1765231577.585752,2025-12-08T22:06:17.585752
361,1765231577.619275,2025-12-08T22:06:17.619274
362,1765231577.6528018,2025-12-08T22:06:17.652801
363,1765231577.6864698,2025-12-08T22:06:17.686469
364,1765231577.7199812,2025-12-08T22:06:17.719981
365,1765231577.7534497,2025-12-08T22:06:17.753449
366,1765231577.7868838,2025-12-08T22:06:17.786883
367,1765231577.8205175,2025-12-08T22:06:17.820517
368,1765231577.8539379,2025-12-08T22:06:17.853937
369,1765231577.887542,2025-12-08T22:06:17.887541
370,1765231577.9209774,2025-12-08T22:06:17.920977
371,1765231577.954933,2025-12-08T22:06:17.954933
372,1765231577.9884462,2025-12-08T22:06:17.988446
373,1765231578.0219643,2025-12-08T22:06:18.021964
374,1765231578.0556068,2025-12-08T22:06:18.055606
375,1765231578.0891218,2025-12-08T22:06:18.089121
376,1765231578.122519,2025-12-08T22:06:18.122519
377,1765231578.156054,2025-12-08T22:06:18.156054
378,1765231578.1894531,2025-12-08T22:06:18.189453
379,1765231578.2229586,2025-12-08T22:06:18.222958
380,1765231578.256548,2025-12-08T22:06:18.256547
381,1765231578.28996,2025-12-08T22:06:18.289959
382,1765231578.3256588,2025-12-08T22:06:18.325658
383,1765231578.360206,2025-12-08T22:06:18.360205
384,1765231578.393758,2025-12-08T22:06:18.393757
385,1765231578.427272,2025-12-08T22:06:18.427272
386,1765231578.460793,2025-12-08T22:06:18.460793
387,1765231578.4944975,2025-12-08T22:06:18.494497
388,1765231578.5280483,2025-12-08T22:06:18.528048
389,1765231578.5615654,2025-12-08T22:06:18.561565
390,1765231578.5949643,2025-12-08T22:06:18.594964
391,1765231578.6286414,2025-12-08T22:06:18.628641
392,1765231578.6622815,2025-12-08T22:06:18.662281
393,1765231578.6959922,2025-12-08T22:06:18.695992
394,1765231578.7295117,2025-12-08T22:06:18.729511
395,1765231578.7631674,2025-12-08T22:06:18.763167
396,1765231578.7966795,2025-12-08T22:06:18.796679
397,1765231578.8301973,2025-12-08T22:06:18.830197
398,1765231578.8637173,2025-12-08T22:06:18.863717
399,1765231578.8973355,2025-12-08T22:06:18.897335
400,1765231578.9309988,2025-12-08T22:06:18.930998
401,1765231578.9665885,2025-12-08T22:06:18.966588
402,1765231579.0010014,2025-12-08T22:06:19.001001
403,1765231579.0345075,2025-12-08T22:06:19.034507
404,1765231579.0679727,2025-12-08T22:06:19.067972
405,1765231579.1016684,2025-12-08T22:06:19.101668
406,1765231579.1356769,2025-12-08T22:06:19.135677
407,1765231579.1694796,2025-12-08T22:06:19.169479
408,1765231579.2050033,2025-12-08T22:06:19.205003
409,1765231579.2395136,2025-12-08T22:06:19.239513
410,1765231579.27305,2025-12-08T22:06:19.273050
411,1765231579.3065758,2025-12-08T22:06:19.306575
412,1765231579.3405168,2025-12-08T22:06:19.340516
413,1765231579.374993,2025-12-08T22:06:19.374993
414,1765231579.4085321,2025-12-08T22:06:19.408532
415,1765231579.4419503,2025-12-08T22:06:19.441950
416,1765231579.4753678,2025-12-08T22:06:19.475367
417,1765231579.5088005,2025-12-08T22:06:19.508800
418,1765231579.5424242,2025-12-08T22:06:19.542424
419,1765231579.5781698,2025-12-08T22:06:19.578169
420,1765231579.6126807,2025-12-08T22:06:19.612680
421,1765231579.6461985,2025-12-08T22:06:19.646198
422,1765231579.6797109,2025-12-08T22:06:19.679710
423,1765231579.7132237,2025-12-08T22:06:19.713223
424,1765231579.7467892,2025-12-08T22:06:19.746789
425,1765231579.7805212,2025-12-08T22:06:19.780521
426,1765231579.814315,2025-12-08T22:06:19.814315
427,1765231579.848032,2025-12-08T22:06:19.848032
428,1765231579.881545,2025-12-08T22:06:19.881544
429,1765231579.915401,2025-12-08T22:06:19.915401
430,1765231579.9490752,2025-12-08T22:06:19.949075
431,1765231579.9825957,2025-12-08T22:06:19.982595
432,1765231580.016437,2025-12-08T22:06:20.016436
433,1765231580.0501003,2025-12-08T22:06:20.050100
434,1765231580.083617,2025-12-08T22:06:20.083617
435,1765231580.117133,2025-12-08T22:06:20.117132
436,1765231580.1506526,2025-12-08T22:06:20.150652
437,1765231580.1846368,2025-12-08T22:06:20.184636
438,1765231580.218547,2025-12-08T22:06:20.218547
439,1765231580.252035,2025-12-08T22:06:20.252034
440,1765231580.28552,2025-12-08T22:06:20.285520
441,1765231580.3194003,2025-12-08T22:06:20.319400
442,1765231580.3530226,2025-12-08T22:06:20.353022
443,1765231580.3870344,2025-12-08T22:06:20.387034
444,1765231580.4206676,2025-12-08T22:06:20.420667
445,1765231580.4543986,2025-12-08T22:06:20.454398
446,1765231580.4879115,2025-12-08T22:06:20.487911
447,1765231580.5214262,2025-12-08T22:06:20.521426
448,1765231580.5549467,2025-12-08T22:06:20.554946
449,1765231580.588633,2025-12-08T22:06:20.588633
450,1765231580.6220505,2025-12-08T22:06:20.622050
451,1765231580.6559699,2025-12-08T22:06:20.655969
452,1765231580.6895387,2025-12-08T22:06:20.689538
453,1765231580.7230415,2025-12-08T22:06:20.723041
454,1765231580.7564821,2025-12-08T22:06:20.756482
455,1765231580.7899985,2025-12-08T22:06:20.789998
456,1765231580.8235853,2025-12-08T22:06:20.823585
457,1765231580.857222,2025-12-08T22:06:20.857222
458,1765231580.8907378,2025-12-08T22:06:20.890737
459,1765231580.9242527,2025-12-08T22:06:20.924252
460,1765231580.9577765,2025-12-08T22:06:20.957776
461,1765231580.9915364,2025-12-08T22:06:20.991536
462,1765231581.025049,2025-12-08T22:06:21.025049
463,1765231581.0585597,2025-12-08T22:06:21.058559
464,1765231581.0920303,2025-12-08T22:06:21.092030
465,1765231581.1255639,2025-12-08T22:06:21.125563
466,1765231581.1590881,2025-12-08T22:06:21.159088
467,1765231581.1926022,2025-12-08T22:06:21.192602
468,1765231581.22635,2025-12-08T22:06:21.226350
469,1765231581.2598798,2025-12-08T22:06:21.259879
470,1765231581.293394,2025-12-08T22:06:21.293394
471,1765231581.3269114,2025-12-08T22:06:21.326911
472,1765231581.3604302,2025-12-08T22:06:21.360430
473,1765231581.393855,2025-12-08T22:06:21.393854
474,1765231581.4273589,2025-12-08T22:06:21.427358
475,1765231581.4609065,2025-12-08T22:06:21.460906
476,1765231581.4954293,2025-12-08T22:06:21.495429
477,1765231581.5298834,2025-12-08T22:06:21.529883
478,1765231581.5634074,2025-12-08T22:06:21.563407
479,1765231581.596976,2025-12-08T22:06:21.596976
480,1765231581.630552,2025-12-08T22:06:21.630552
481,1765231581.6641262,2025-12-08T22:06:21.664126
482,1765231581.6976392,2025-12-08T22:06:21.697639
483,1765231581.733162,2025-12-08T22:06:21.733162
484,1765231581.7671845,2025-12-08T22:06:21.767184
485,1765231581.8010674,2025-12-08T22:06:21.801067
486,1765231581.8348682,2025-12-08T22:06:21.834868
487,1765231581.8685632,2025-12-08T22:06:21.868563
488,1765231581.9024384,2025-12-08T22:06:21.902438
489,1765231581.9360738,2025-12-08T22:06:21.936073
490,1765231581.969598,2025-12-08T22:06:21.969598
491,1765231582.0045936,2025-12-08T22:06:22.004593
492,1765231582.0386934,2025-12-08T22:06:22.038693
493,1765231582.0723813,2025-12-08T22:06:22.072381
494,1765231582.1079545,2025-12-08T22:06:22.107954
495,1765231582.1419601,2025-12-08T22:06:22.141960
496,1765231582.1758838,2025-12-08T22:06:22.175883
497,1765231582.2094045,2025-12-08T22:06:22.209404
498,1765231582.2428374,2025-12-08T22:06:22.242837
499,1765231582.2765944,2025-12-08T22:06:22.276594
500,1765231582.310291,2025-12-08T22:06:22.310290
501,1765231582.3437092,2025-12-08T22:06:22.343709
502,1765231582.3776064,2025-12-08T22:06:22.377606
503,1765231582.41107,2025-12-08T22:06:22.411070
504,1765231582.4449337,2025-12-08T22:06:22.444933
505,1765231582.4785697,2025-12-08T22:06:22.478569
506,1765231582.5121446,2025-12-08T22:06:22.512144
507,1765231582.5456855,2025-12-08T22:06:22.545685
508,1765231582.5794067,2025-12-08T22:06:22.579406
509,1765231582.614927,2025-12-08T22:06:22.614927
510,1765231582.6494362,2025-12-08T22:06:22.649436
511,1765231582.6831052,2025-12-08T22:06:22.683105
512,1765231582.7166665,2025-12-08T22:06:22.716666
513,1765231582.7500708,2025-12-08T22:06:22.750070
514,1765231582.7835965,2025-12-08T22:06:22.783596
515,1765231582.8172047,2025-12-08T22:06:22.817204
516,1765231582.8506198,2025-12-08T22:06:22.850619
517,1765231582.8844259,2025-12-08T22:06:22.884426
518,1765231582.91818,2025-12-08T22:06:22.918180
519,1765231582.9517243,2025-12-08T22:06:22.951724
520,1765231582.985238,2025-12-08T22:06:22.985238
521,1765231583.0187542,2025-12-08T22:06:23.018754
522,1765231583.052273,2025-12-08T22:06:23.052273
523,1765231583.0858755,2025-12-08T22:06:23.085875
524,1765231583.1196852,2025-12-08T22:06:23.119685
525,1765231583.1531389,2025-12-08T22:06:23.153139
526,1765231583.186628,2025-12-08T22:06:23.186628
527,1765231583.2202349,2025-12-08T22:06:23.220234
528,1765231583.2540648,2025-12-08T22:06:23.254065
529,1765231583.2875218,2025-12-08T22:06:23.287521
530,1765231583.321118,2025-12-08T22:06:23.321118
531,1765231583.354834,2025-12-08T22:06:23.354834
532,1765231583.3883502,2025-12-08T22:06:23.388350
533,1765231583.4218633,2025-12-08T22:06:23.421863
534,1765231583.4558902,2025-12-08T22:06:23.455890
535,1765231583.4894185,2025-12-08T22:06:23.489418
536,1765231583.52317,2025-12-08T22:06:23.523170
537,1765231583.5565872,2025-12-08T22:06:23.556587
538,1765231583.5900064,2025-12-08T22:06:23.590006
539,1765231583.6236067,2025-12-08T22:06:23.623606
540,1765231583.6571252,2025-12-08T22:06:23.657125
541,1765231583.6906457,2025-12-08T22:06:23.690645
542,1765231583.7241592,2025-12-08T22:06:23.724159
543,1765231583.7580466,2025-12-08T22:06:23.758046
544,1765231583.7915666,2025-12-08T22:06:23.791566
545,1765231583.825082,2025-12-08T22:06:23.825082
546,1765231583.8586059,2025-12-08T22:06:23.858605
547,1765231583.892368,2025-12-08T22:06:23.892368
548,1765231583.926893,2025-12-08T22:06:23.926893
549,1765231583.9607306,2025-12-08T22:06:23.960730
550,1765231583.9942791,2025-12-08T22:06:23.994279
551,1765231584.0281177,2025-12-08T22:06:24.028117
552,1765231584.0616317,2025-12-08T22:06:24.061631
553,1765231584.0950327,2025-12-08T22:06:24.095032
554,1765231584.128505,2025-12-08T22:06:24.128505
555,1765231584.162127,2025-12-08T22:06:24.162127
556,1765231584.1957285,2025-12-08T22:06:24.195728
557,1765231584.2292483,2025-12-08T22:06:24.229248
558,1765231584.26493,2025-12-08T22:06:24.264930
559,1765231584.2994425,2025-12-08T22:06:24.299442
560,1765231584.333142,2025-12-08T22:06:24.333142
561,1765231584.3666606,2025-12-08T22:06:24.366660
562,1765231584.4002476,2025-12-08T22:06:24.400247
563,1765231584.4337213,2025-12-08T22:06:24.433721
564,1765231584.4674253,2025-12-08T22:06:24.467425
565,1765231584.5011158,2025-12-08T22:06:24.501115
566,1765231584.5366454,2025-12-08T22:06:24.536645
567,1765231584.570745,2025-12-08T22:06:24.570745
568,1765231584.6044028,2025-12-08T22:06:24.604402
569,1765231584.637917,2025-12-08T22:06:24.637917
570,1765231584.6714392,2025-12-08T22:06:24.671439
571,1765231584.7051926,2025-12-08T22:06:24.705192
572,1765231584.7387128,2025-12-08T22:06:24.738712
573,1765231584.7722287,2025-12-08T22:06:24.772228
574,1765231584.8057544,2025-12-08T22:06:24.805754
575,1765231584.8395247,2025-12-08T22:06:24.839524
576,1765231584.875064,2025-12-08T22:06:24.875063
577,1765231584.9096718,2025-12-08T22:06:24.909671
578,1765231584.9431798,2025-12-08T22:06:24.943179
579,1765231584.9767108,2025-12-08T22:06:24.976711
580,1765231585.0104456,2025-12-08T22:06:25.010445
581,1765231585.0439575,2025-12-08T22:06:25.043957
582,1765231585.0778277,2025-12-08T22:06:25.077827
583,1765231585.1113405,2025-12-08T22:06:25.111340
584,1765231585.1448665,2025-12-08T22:06:25.144866
