dataset,video_id,roi_a,roi_b,mode,gt_hr_bpm,global_lag_ms_precalc,global_r_precalc,global_lag_ms_refined,global_r_refined,n_windows,median_residual_lag_ms,iqr_residual_lag_ms,median_abs_residual_lag_ms,mean_abs_residual_lag_ms,mode_abs_residual_lag_ms,rms_residual_lag_ms,median_r,pct_windows_|lag|<=1frame,pct_windows_|lag|>1frame,pct_windows_|lag|>2frames,pct_windows_r>=0.8
DATASET_1,10-gt,forehead,chin,filtered,72.40833959429001,33.333333333333336,0.9382145949912509,33.333333333333336,0.9382145949912509,35,66.66666666666667,33.33333333333333,66.66666666666667,81.9047619047619,71.42857142857143,84.32740427115678,0.94455408581423,0.0,100.0,40.0,100.0
DATASET_1,10-gt,forehead,chin,unfiltered,72.40833959429001,33.333333333333336,0.8829055134922558,33.333333333333336,0.8829055134922558,35,66.66666666666667,33.33333333333333,66.66666666666667,81.9047619047619,71.42857142857143,84.32740427115678,0.8881374579527196,0.0,100.0,40.0,100.0
DATASET_1,10-gt,forehead,left_cheek,filtered,72.40833959429001,33.333333333333336,0.9526062768112152,33.333333333333336,0.9526062768112152,35,66.66666666666667,16.66666666666667,66.66666666666667,75.23809523809524,69.04761904761905,76.63560447348134,0.9465724992758582,0.0,100.0,25.71428571428571,100.0
DATASET_1,10-gt,forehead,left_cheek,unfiltered,72.40833959429001,33.333333333333336,0.9126095992930312,33.333333333333336,0.9126095992930312,35,66.66666666666667,0.0,66.66666666666667,69.52380952380953,69.04761904761905,70.14723744122017,0.8959655656596742,0.0,100.0,8.571428571428571,100.0
DATASET_1,10-gt,forehead,right_cheek,filtered,72.40833959429001,66.66666666666667,0.9623072487138931,66.66666666666667,0.9623072487138931,35,133.33333333333334,33.33333333333334,133.33333333333334,121.90476190476191,130.95238095238096,122.92725943057185,0.9412087520831387,0.0,100.0,100.0,100.0
DATASET_1,10-gt,forehead,right_cheek,unfiltered,72.40833959429001,66.66666666666667,0.8997683661220298,66.66666666666667,0.8997683661220298,35,100.0,33.33333333333334,100.0,113.33333333333334,102.38095238095238,114.50376024878446,0.8782912835364971,0.0,100.0,100.0,100.0
DATASET_1,10-gt,left_cheek,chin,filtered,72.40833959429001,0.0,0.9207112744572375,0.0,0.9207112744572375,35,0.0,0.0,0.0,5.714285714285714,2.380952380952381,13.801311186847085,0.9280435116794795,100.0,0.0,0.0,100.0
DATASET_1,10-gt,left_cheek,chin,unfiltered,72.40833959429001,0.0,0.8516085339793825,0.0,0.8516085339793825,37,0.0,0.0,0.0,3.6036036036036037,2.380952380952381,10.95993248702382,0.8606152352803538,100.0,0.0,0.0,91.8918918918919
DATASET_1,10-gt,left_cheek,right_cheek,filtered,72.40833959429001,0.0,0.9401462449544409,0.0,0.9401462449544409,35,0.0,0.0,0.0,3.8095238095238098,2.380952380952381,11.268723396380222,0.9413886748912335,100.0,0.0,0.0,100.0
DATASET_1,10-gt,left_cheek,right_cheek,unfiltered,72.40833959429001,0.0,0.8661369383855764,0.0,0.8661369383855764,37,0.0,0.0,0.0,7.207207207207207,2.380952380952381,15.499685165842573,0.859553245851227,100.0,0.0,0.0,100.0
DATASET_1,10-gt,right_cheek,chin,filtered,72.40833959429001,0.0,0.919089320180946,0.0,0.919089320180946,35,0.0,33.333333333333336,33.333333333333336,19.04761904761905,30.952380952380953,25.197631533948485,0.9378992967820609,100.0,0.0,0.0,100.0
DATASET_1,10-gt,right_cheek,chin,unfiltered,72.40833959429001,0.0,0.834392949521557,0.0,0.834392949521557,36,0.0,33.333333333333336,33.333333333333336,18.518518518518523,30.952380952380953,24.84519974999766,0.8482908267450784,100.0,0.0,0.0,100.0
DATASET_1,11-gt,forehead,chin,filtered,77.70466840312562,33.333333333333336,0.8780166797692951,33.333333333333336,0.8780166797692951,71,66.66666666666667,0.0,66.66666666666667,59.62441314553991,70.83333333333333,61.66698388447786,0.9142031614101352,23.943661971830984,76.05633802816901,2.8169014084507045,83.09859154929578
DATASET_1,11-gt,forehead,chin,unfiltered,77.70466840312562,33.333333333333336,0.8035767872284608,33.333333333333336,0.8035767872284608,71,66.66666666666667,0.0,66.66666666666667,59.62441314553991,70.83333333333333,61.66698388447785,0.8498389747206312,23.943661971830984,76.05633802816901,2.8169014084507045,74.64788732394366
DATASET_1,11-gt,forehead,left_cheek,filtered,77.70466840312562,33.333333333333336,0.9388577451489816,33.333333333333336,0.9388577451489816,71,33.333333333333336,33.333333333333336,33.333333333333336,47.417840375586856,37.5,52.33215213522995,0.9501346922323782,67.6056338028169,32.3943661971831,9.859154929577464,100.0
DATASET_1,11-gt,forehead,left_cheek,unfiltered,77.70466840312562,0.0,0.8994861035402665,0.0,0.8994861035402665,71,0.0,33.333333333333336,0.0,11.267605633802818,4.166666666666667,21.667569500871977,0.9096961283002565,95.77464788732394,4.225352112676056,0.0,91.54929577464789
DATASET_1,11-gt,forehead,right_cheek,filtered,77.70466840312562,33.333333333333336,0.9028851483335313,33.333333333333336,0.9028851483335313,71,66.66666666666667,33.333333333333336,66.66666666666667,50.70422535211268,64.58333333333334,53.36853298516876,0.9218039276204302,47.88732394366197,52.112676056338024,0.0,100.0
DATASET_1,11-gt,forehead,right_cheek,unfiltered,77.70466840312562,33.333333333333336,0.8069691331288742,33.333333333333336,0.8069691331288742,71,33.333333333333336,33.333333333333336,33.333333333333336,48.82629107981221,35.41666666666667,51.579132270318375,0.8322924644842878,53.52112676056338,46.478873239436616,0.0,77.46478873239437
DATASET_1,11-gt,left_cheek,chin,filtered,77.70466840312562,0.0,0.81783276999957,0.0,0.81783276999957,71,0.0,33.333333333333336,0.0,12.206572769953052,2.0833333333333335,20.17140944501487,0.902293750581023,100.0,0.0,0.0,81.69014084507043
DATASET_1,11-gt,left_cheek,chin,unfiltered,77.70466840312562,0.0,0.7387395666976908,0.0,0.7387395666976908,72,0.0,0.0,0.0,9.722222222222221,2.0833333333333335,18.00205749557739,0.8335580407122223,100.0,0.0,0.0,62.5
DATASET_1,11-gt,left_cheek,right_cheek,filtered,77.70466840312562,0.0,0.8500115473930503,0.0,0.8500115473930503,71,0.0,33.333333333333336,33.333333333333336,19.248826291079812,37.5,25.940825884584612,0.9007554523395063,98.59154929577466,1.4084507042253522,0.0,98.59154929577466
DATASET_1,11-gt,left_cheek,right_cheek,unfiltered,77.70466840312562,0.0,0.7259547779767601,0.0,0.7259547779767601,72,0.0,33.333333333333336,16.666666666666668,18.055555555555557,4.166666666666667,26.352313834736496,0.7820970755227672,95.83333333333334,4.166666666666666,0.0,37.5
DATASET_1,11-gt,right_cheek,chin,filtered,77.70466840312562,0.0,0.8572295620826256,0.0,0.8572295620826256,71,0.0,33.333333333333336,0.0,10.328638497652582,2.0833333333333335,18.554997976872777,0.8983254106865566,100.0,0.0,0.0,80.28169014084507
DATASET_1,11-gt,right_cheek,chin,unfiltered,77.70466840312562,0.0,0.742233374816984,0.0,0.742233374816984,78,0.0,25.0,0.0,11.965811965811966,4.166666666666667,21.350420507344953,0.7609573502856699,97.43589743589743,2.564102564102564,0.0,35.8974358974359
DATASET_1,12-gt,forehead,chin,filtered,94.57115347583286,33.333333333333336,0.8034831741643212,33.333333333333336,0.8034831741643212,87,33.333333333333336,33.333333333333336,33.333333333333336,48.27586206896553,37.5,51.78795552215545,0.9091150751003382,51.724137931034484,48.275862068965516,0.0,71.26436781609196
DATASET_1,12-gt,forehead,chin,unfiltered,94.57115347583286,33.333333333333336,0.7158714738339609,33.333333333333336,0.7158714738339609,87,33.333333333333336,33.333333333333336,33.333333333333336,46.36015325670498,31.25,50.15938835454607,0.8553160649492465,60.91954022988506,39.08045977011494,2.2988505747126435,62.06896551724138
DATASET_1,12-gt,forehead,left_cheek,filtered,94.57115347583286,33.333333333333336,0.8565703824351418,33.333333333333336,0.8565703824351418,87,66.66666666666667,0.0,66.66666666666667,63.21839080459773,68.75,66.95340634119862,0.8842783028976381,22.988505747126435,77.01149425287356,14.942528735632186,85.0574712643678
DATASET_1,12-gt,forehead,left_cheek,unfiltered,94.57115347583286,33.333333333333336,0.8310988159289299,33.333333333333336,0.8310988159289299,87,66.66666666666667,0.0,66.66666666666667,62.83524904214562,68.75,65.70183044350496,0.8282193611476277,20.689655172413794,79.3103448275862,10.344827586206897,68.96551724137932
DATASET_1,12-gt,forehead,right_cheek,filtered,94.57115347583286,33.333333333333336,0.9222600261120489,33.333333333333336,0.9222600261120489,87,66.66666666666667,33.333333333333336,66.66666666666667,54.789272030651325,64.58333333333334,57.06754752784557,0.9453299794986129,35.63218390804598,64.36781609195403,0.0,100.0
DATASET_1,12-gt,forehead,right_cheek,unfiltered,94.57115347583286,33.333333333333336,0.8524797691709859,33.333333333333336,0.8524797691709859,87,66.66666666666667,33.333333333333336,66.66666666666667,53.639846743295,64.58333333333334,56.051426851662576,0.913339607507532,39.08045977011494,60.91954022988506,0.0,88.50574712643679
DATASET_1,12-gt,left_cheek,chin,filtered,94.57115347583286,-33.333333333333336,0.7160641305255332,-33.333333333333336,0.7160641305255332,86,-33.333333333333336,33.333333333333336,33.333333333333336,47.28682170542636,62.5,51.33866880557659,0.8675231532791817,52.32558139534884,47.674418604651166,0.0,69.76744186046511
DATASET_1,12-gt,left_cheek,right_cheek,filtered,94.57115347583286,0.0,0.771197527789872,0.0,0.771197527789872,86,0.0,0.0,0.0,8.527131782945737,2.0833333333333335,16.85935129529577,0.8934125906275348,100.0,0.0,0.0,81.3953488372093
DATASET_1,12-gt,right_cheek,chin,filtered,94.57115347583286,0.0,0.8291381779761129,0.0,0.8291381779761129,87,0.0,33.333333333333336,0.0,9.96168582375479,4.166666666666667,18.910287631039182,0.9442478090271337,98.85057471264368,1.1494252873563218,0.0,72.41379310344827
DATASET_1,12-gt,right_cheek,chin,unfiltered,94.57115347583286,0.0,0.7465980970472643,0.0,0.7465980970472643,87,0.0,0.0,0.0,9.96168582375479,4.166666666666667,21.4422506967559,0.8978221530214565,94.25287356321839,5.747126436781609,0.0,65.51724137931035
DATASET_1,5-gt,forehead,chin,filtered,77.31705916140149,33.333333333333336,0.9059203427251818,33.333333333333336,0.9059203427251818,72,66.66666666666667,33.33333333333333,66.66666666666667,78.24074074074073,70.83333333333334,80.02700161604407,0.9255268038634106,0.0,100.0,33.33333333333333,100.0
DATASET_1,5-gt,forehead,chin,unfiltered,77.31705916140149,33.333333333333336,0.8442291021675727,33.333333333333336,0.8442291021675727,72,66.66666666666667,33.33333333333333,66.66666666666667,76.85185185185185,70.83333333333334,78.56742013183862,0.859591108011762,0.0,100.0,29.166666666666668,83.33333333333334
DATASET_1,5-gt,forehead,left_cheek,filtered,77.31705916140149,0.0,0.8162509307361432,0.0,0.8162509307361432,72,0.0,33.333333333333336,0.0,15.277777777777779,2.0833333333333335,22.566773346211004,0.8240413702382703,100.0,0.0,0.0,59.72222222222222
DATASET_1,5-gt,forehead,left_cheek,unfiltered,77.31705916140149,0.0,0.7237025213977734,0.0,0.7237025213977734,72,0.0,33.333333333333336,0.0,12.962962962962964,2.0833333333333335,20.786985482077455,0.7372328811298337,100.0,0.0,0.0,16.666666666666664
DATASET_1,5-gt,left_cheek,chin,filtered,77.31705916140149,33.333333333333336,0.7912553938429837,33.333333333333336,0.7912553938429837,72,66.66666666666667,66.66666666666666,66.66666666666667,68.98148148148148,75.0,76.67874301023478,0.8200355672697113,30.555555555555557,69.44444444444444,37.5,61.111111111111114
DATASET_1,6-gt,forehead,chin,filtered,82.57338212634822,0.0,0.7176783505928829,0.0,0.7176783505928829,77,0.0,33.333333333333336,0.0,20.34632034632035,4.166666666666667,31.55425479505095,0.8227275502993633,85.71428571428571,14.285714285714285,0.0,57.14285714285714
DATASET_1,6-gt,forehead,left_cheek,filtered,82.57338212634822,0.0,0.8210520871209114,0.0,0.8210520871209114,77,0.0,0.0,0.0,15.151515151515147,4.166666666666667,23.106504147329034,0.8418961367400392,98.7012987012987,1.2987012987012987,0.0,67.53246753246754
DATASET_1,6-gt,forehead,left_cheek,unfiltered,82.57338212634822,0.0,0.730844904262712,0.0,0.730844904262712,77,0.0,0.0,0.0,13.419913419913422,4.166666666666667,21.821789023599237,0.7687749970990724,98.7012987012987,1.2987012987012987,0.0,31.16883116883117
DATASET_1,6-gt,forehead,right_cheek,filtered,82.57338212634822,0.0,0.8582712072663621,0.0,0.8582712072663621,77,0.0,33.333333333333336,0.0,12.554112554112557,2.0833333333333335,20.456549525040103,0.8941821545216956,100.0,0.0,0.0,87.01298701298701
DATASET_1,6-gt,forehead,right_cheek,unfiltered,82.57338212634822,0.0,0.7487248139546877,0.0,0.7487248139546877,77,0.0,0.0,0.0,11.255411255411257,2.0833333333333335,19.36957343826588,0.7787253478163658,100.0,0.0,0.0,40.25974025974026
DATASET_1,6-gt,left_cheek,right_cheek,filtered,82.57338212634822,0.0,0.7470902638246065,0.0,0.7470902638246065,78,0.0,0.0,0.0,16.239316239316242,4.166666666666667,24.45997952351143,0.7935090549361483,97.43589743589743,2.564102564102564,0.0,47.43589743589743
DATASET_1,7-gt,forehead,left_cheek,filtered,94.6833073322933,33.333333333333336,0.8963916944415248,33.333333333333336,0.8963916944415248,89,66.66666666666667,0.0,66.66666666666667,62.17228464419476,64.58333333333334,63.20606175199696,0.9026716677818737,13.48314606741573,86.51685393258427,0.0,97.75280898876404
DATASET_1,7-gt,forehead,left_cheek,unfiltered,94.6833073322933,33.333333333333336,0.8033605849672968,33.333333333333336,0.8033605849672968,89,66.66666666666667,0.0,66.66666666666667,61.797752808988776,64.58333333333334,62.909085660790325,0.8027081865341799,14.606741573033707,85.39325842696628,0.0,53.93258426966292
DATASET_1,7-gt,forehead,right_cheek,filtered,94.6833073322933,33.333333333333336,0.8500774942374832,33.333333333333336,0.8500774942374832,89,66.66666666666667,0.0,66.66666666666667,61.423220973782776,70.83333333333333,63.795866709673696,0.8495571644752014,22.47191011235955,77.52808988764045,6.741573033707865,95.50561797752809
DATASET_1,7-gt,forehead,right_cheek,unfiltered,94.6833073322933,33.333333333333336,0.7447914786000426,33.333333333333336,0.7447914786000426,89,66.66666666666667,33.333333333333336,66.66666666666667,58.05243445692884,70.83333333333333,60.686871558234024,0.745837682278734,30.337078651685395,69.66292134831461,4.49438202247191,6.741573033707865
DATASET_1,7-gt,left_cheek,right_cheek,filtered,94.6833073322933,0.0,0.8370693300739847,0.0,0.8370693300739847,89,0.0,0.0,0.0,5.617977528089888,2.0833333333333335,13.684513787599334,0.8645604563007324,100.0,0.0,0.0,78.65168539325843
DATASET_1,7-gt,left_cheek,right_cheek,unfiltered,94.6833073322933,0.0,0.7332662447677301,0.0,0.7332662447677301,93,0.0,0.0,0.0,6.810035842293908,2.0833333333333335,15.066558822210542,0.787065222068199,100.0,0.0,0.0,37.634408602150536
DATASET_1,8-gt,forehead,chin,filtered,68.1259825327511,33.333333333333336,0.959138995714158,33.333333333333336,0.959138995714158,59,66.66666666666667,0.0,66.66666666666667,66.66666666666667,66.66666666666666,67.50880531254371,0.9542041413037439,5.084745762711865,94.91525423728814,5.084745762711865,100.0
DATASET_1,8-gt,forehead,chin,unfiltered,68.1259825327511,33.333333333333336,0.9071355147703161,33.333333333333336,0.9071355147703161,63,66.66666666666667,0.0,66.66666666666667,62.96296296296295,64.28571428571429,63.82847385042253,0.8945556480453697,11.11111111111111,88.88888888888889,0.0,100.0
DATASET_1,8-gt,forehead,left_cheek,filtered,68.1259825327511,33.333333333333336,0.9361997082737222,33.333333333333336,0.9361997082737222,59,66.66666666666667,0.0,66.66666666666667,64.40677966101696,66.66666666666666,67.50880531254373,0.9381409220045428,22.033898305084744,77.96610169491525,15.254237288135593,100.0
DATASET_1,8-gt,forehead,left_cheek,unfiltered,68.1259825327511,33.333333333333336,0.8665358755962079,33.333333333333336,0.8665358755962079,63,66.66666666666667,0.0,66.66666666666667,69.31216931216933,66.66666666666666,71.14582486036498,0.8697544193040918,7.936507936507936,92.06349206349206,15.873015873015872,93.65079365079364
DATASET_1,8-gt,forehead,right_cheek,filtered,68.1259825327511,33.333333333333336,0.9284884815589871,33.333333333333336,0.9284884815589871,59,66.66666666666667,0.0,66.66666666666667,61.01694915254238,64.28571428571429,62.285413164175246,0.9197478247101261,16.94915254237288,83.05084745762711,0.0,100.0
DATASET_1,8-gt,forehead,right_cheek,unfiltered,68.1259825327511,33.333333333333336,0.8289392715307423,33.333333333333336,0.8289392715307423,63,66.66666666666667,0.0,66.66666666666667,62.43386243386244,66.66666666666666,64.51556010444945,0.824804941176155,19.047619047619047,80.95238095238095,6.349206349206349,69.84126984126983
DATASET_1,8-gt,left_cheek,chin,filtered,68.1259825327511,0.0,0.9060899790088177,0.0,0.9060899790088177,59,0.0,0.0,0.0,12.994350282485877,2.380952380952381,20.81213610891962,0.9429872655324539,100.0,0.0,0.0,100.0
DATASET_1,8-gt,left_cheek,chin,unfiltered,68.1259825327511,0.0,0.8222764127628843,0.0,0.8222764127628843,69,0.0,0.0,0.0,10.144927536231885,4.166666666666667,20.0643088476282,0.8655567903886692,97.10144927536231,2.898550724637681,0.0,82.6086956521739
DATASET_1,8-gt,left_cheek,right_cheek,filtered,68.1259825327511,0.0,0.9073879619652849,0.0,0.9073879619652849,59,0.0,0.0,0.0,9.03954802259887,2.380952380952381,17.358521464109852,0.9230733226032483,100.0,0.0,0.0,100.0
DATASET_1,8-gt,left_cheek,right_cheek,unfiltered,68.1259825327511,0.0,0.790251543740182,0.0,0.790251543740182,69,0.0,0.0,0.0,5.314009661835749,2.0833333333333335,13.309156825078176,0.8223695792430123,100.0,0.0,0.0,60.86956521739131
DATASET_1,8-gt,right_cheek,chin,filtered,68.1259825327511,0.0,0.9081466823798341,0.0,0.9081466823798341,59,0.0,0.0,0.0,6.214689265536723,2.380952380952381,14.39292565294576,0.9172461273501352,100.0,0.0,0.0,100.0
DATASET_1,8-gt,right_cheek,chin,unfiltered,68.1259825327511,0.0,0.8015585797518395,0.0,0.8015585797518395,74,0.0,0.0,0.0,7.6576576576576585,2.0833333333333335,15.976709775647027,0.8116413892404567,100.0,0.0,0.0,54.054054054054056
DATASET_1,after-exercise,forehead,chin,filtered,113.85665388828039,0.0,0.8454408983104912,0.0,0.8454408983104912,108,0.0,33.333333333333336,0.0,10.185185185185185,2.0833333333333335,18.425693279752224,0.880475338475736,100.0,0.0,0.0,76.85185185185185
DATASET_1,after-exercise,forehead,chin,unfiltered,113.85665388828039,0.0,0.707451316189338,0.0,0.707451316189338,109,0.0,33.333333333333336,0.0,10.091743119266056,2.0833333333333335,18.340976999845687,0.7195042468781393,100.0,0.0,0.0,23.853211009174313
DATASET_1,after-exercise,forehead,left_cheek,filtered,113.85665388828039,33.333333333333336,0.8873052022177574,33.333333333333336,0.8873052022177574,108,66.66666666666667,0.0,66.66666666666667,63.27160493827161,70.83333333333333,64.70890818391166,0.8765317773165457,13.88888888888889,86.11111111111111,3.7037037037037033,87.96296296296296
DATASET_1,after-exercise,forehead,left_cheek,unfiltered,113.85665388828039,33.333333333333336,0.7840350921313978,33.333333333333336,0.7840350921313978,109,66.66666666666667,0.0,66.66666666666667,62.69113149847096,70.83333333333333,64.2529405317179,0.7495190271005739,15.59633027522936,84.40366972477065,3.669724770642202,31.19266055045872
DATASET_1,after-exercise,forehead,right_cheek,filtered,113.85665388828039,33.333333333333336,0.9124057024785868,33.333333333333336,0.9124057024785868,108,66.66666666666667,0.0,66.66666666666667,60.49382716049383,64.58333333333334,61.864048475889135,0.9148165979188536,18.51851851851852,81.48148148148148,0.0,86.11111111111111
DATASET_1,after-exercise,forehead,right_cheek,unfiltered,113.85665388828039,33.333333333333336,0.8263397933023653,33.333333333333336,0.8263397933023653,109,66.66666666666667,33.333333333333336,66.66666666666667,57.79816513761469,64.58333333333334,59.64557227103489,0.8284227987885736,26.605504587155966,73.39449541284404,0.0,70.64220183486239
DATASET_1,after-exercise,left_cheek,chin,filtered,113.85665388828039,500.0,0.8026401428625856,500.0,0.8026401428625856,109,0.0,100.0,33.333333333333336,38.53211009174312,31.25,47.7847706045862,0.8016424835895495,67.88990825688074,32.11009174311927,6.422018348623854,50.45871559633027
DATASET_1,after-exercise,left_cheek,right_cheek,filtered,113.85665388828039,0.0,0.8783446142485606,0.0,0.8783446142485606,109,0.0,0.0,0.0,5.81039755351682,2.0833333333333335,13.916893275819884,0.9121052481966258,100.0,0.0,0.0,93.57798165137615
DATASET_1,after-exercise,left_cheek,right_cheek,unfiltered,113.85665388828039,0.0,0.7689262167177512,0.0,0.7689262167177512,110,0.0,0.0,0.0,6.060606060606061,2.0833333333333335,14.21338109037403,0.7909217151107553,100.0,0.0,0.0,42.72727272727273
DATASET_1,after-exercise,right_cheek,chin,filtered,113.85665388828039,0.0,0.8379417148931677,0.0,0.8379417148931677,109,0.0,33.333333333333336,0.0,11.009174311926603,2.0833333333333335,19.15652570442303,0.86175980446013,100.0,0.0,0.0,80.73394495412845
DATASET_1,after-exercise,right_cheek,chin,unfiltered,113.85665388828039,0.0,0.7074014482831606,0.0,0.7074014482831606,110,0.0,33.333333333333336,0.0,11.21212121212121,2.0833333333333335,19.332288373014038,0.7020058827225478,100.0,0.0,0.0,17.272727272727273
DATASET_2,subject1,forehead,chin,filtered,106.70456819650937,0.0,0.761787083328341,0.0,0.761787083328341,75,0.0,33.333333333333336,0.0,17.333333333333336,4.166666666666667,26.94301256218254,0.8076236935260869,93.33333333333333,6.666666666666667,0.0,57.333333333333336
DATASET_2,subject1,forehead,left_cheek,filtered,106.70456819650937,33.333333333333336,0.8173580623477409,33.333333333333336,0.8173580623477409,75,33.333333333333336,33.333333333333336,33.333333333333336,47.55555555555555,37.5,51.20763831912406,0.8800356544636909,53.333333333333336,46.666666666666664,0.0,74.66666666666667
DATASET_2,subject1,forehead,left_cheek,unfiltered,106.70456819650937,33.333333333333336,0.7320595801916113,33.333333333333336,0.7320595801916113,74,66.66666666666667,33.333333333333336,66.66666666666667,51.351351351351354,62.5,54.52497568062707,0.7793045306541266,43.24324324324324,56.75675675675676,0.0,40.54054054054054
DATASET_2,subject1,forehead,right_cheek,filtered,106.70456819650937,33.333333333333336,0.7834042141045259,33.333333333333336,0.7834042141045259,75,66.66666666666667,33.333333333333336,66.66666666666667,51.55555555555556,62.5,54.704593889294095,0.8238284608377525,42.66666666666667,57.333333333333336,0.0,65.33333333333333
DATASET_2,subject10,forehead,chin,filtered,109.80887351778657,33.333333333333336,0.8070698259540638,33.333333333333336,0.8070698259540638,101,66.66666666666667,0.0,66.66666666666667,65.34653465346534,70.83333333333333,68.1356312543198,0.8305645460055431,18.81188118811881,81.1881188118812,14.85148514851485,64.35643564356435
DATASET_2,subject10,forehead,left_cheek,filtered,109.80887351778657,33.333333333333336,0.9126759218948693,33.333333333333336,0.9126759218948693,101,66.66666666666667,0.0,66.66666666666667,61.3861386138614,64.58333333333334,62.58108052090437,0.9067893633716906,15.841584158415841,84.15841584158416,0.0,100.0
DATASET_2,subject10,forehead,left_cheek,unfiltered,109.80887351778657,33.333333333333336,0.8492007591764975,33.333333333333336,0.8492007591764975,101,66.66666666666667,0.0,66.66666666666667,63.69636963696371,64.58333333333334,64.40042501004281,0.8393824506414894,8.91089108910891,91.0891089108911,0.0,74.25742574257426
DATASET_2,subject10,forehead,right_cheek,filtered,109.80887351778657,33.333333333333336,0.8672024412214829,33.333333333333336,0.8672024412214829,101,66.66666666666667,0.0,66.66666666666667,65.34653465346537,70.83333333333333,67.97398065587024,0.8726088063819599,17.82178217821782,82.17821782178217,13.861386138613863,100.0
DATASET_2,subject10,forehead,right_cheek,unfiltered,109.80887351778657,33.333333333333336,0.7763218564518338,33.333333333333336,0.7763218564518338,101,66.66666666666667,0.0,66.66666666666667,66.00660066006603,70.83333333333333,68.29689924619319,0.7656168448225914,14.85148514851485,85.14851485148515,12.871287128712872,21.782178217821784
DATASET_2,subject10,left_cheek,chin,filtered,109.80887351778657,0.0,0.8373544081755894,0.0,0.8373544081755894,101,0.0,0.0,0.0,8.910891089108912,2.0833333333333335,17.234549688642783,0.8656572805838055,100.0,0.0,0.0,89.10891089108911
DATASET_2,subject10,left_cheek,right_cheek,filtered,109.80887351778657,0.0,0.8641853231733846,0.0,0.8641853231733846,101,0.0,0.0,0.0,8.250825082508252,2.0833333333333335,16.583953170166488,0.8856084408036411,100.0,0.0,0.0,98.01980198019803
DATASET_2,subject10,left_cheek,right_cheek,unfiltered,109.80887351778657,0.0,0.7776334500297208,0.0,0.7776334500297208,101,0.0,0.0,0.0,6.270627062706271,2.0833333333333335,14.457555190633341,0.7823276083633661,100.0,0.0,0.0,40.5940594059406
DATASET_2,subject10,right_cheek,chin,filtered,109.80887351778657,0.0,0.7900250564401945,0.0,0.7900250564401945,101,0.0,0.0,0.0,15.841584158415841,4.166666666666667,26.116435568826812,0.8289297944609673,93.06930693069307,6.9306930693069315,0.0,60.396039603960396
DATASET_2,subject12,forehead,left_cheek,filtered,65.96596229260935,33.333333333333336,0.939356367545803,33.333333333333336,0.939356367545803,59,66.66666666666667,0.0,66.66666666666667,60.45197740112994,64.28571428571429,61.83021525023807,0.9430311655158959,18.64406779661017,81.35593220338984,0.0,100.0
DATASET_2,subject12,forehead,left_cheek,unfiltered,65.96596229260935,0.0,0.8842913224067731,0.0,0.8842913224067731,61,33.333333333333336,33.333333333333336,33.333333333333336,19.12568306010929,30.952380952380953,25.249213228738626,0.897392201517315,100.0,0.0,0.0,100.0
DATASET_2,subject12,forehead,right_cheek,filtered,65.96596229260935,0.0,0.9663660526840163,0.0,0.9663660526840163,59,0.0,0.0,0.0,0.5649717514124294,2.380952380952381,4.339630366027463,0.9726160611290833,100.0,0.0,0.0,100.0
DATASET_2,subject12,forehead,right_cheek,unfiltered,65.96596229260935,0.0,0.9327882982172505,0.0,0.9327882982172505,61,0.0,0.0,0.0,0.0,0.0,0.0,0.9363532451533224,100.0,0.0,0.0,100.0
DATASET_2,subject12,left_cheek,right_cheek,filtered,65.96596229260935,-33.333333333333336,0.9229068734054658,-33.333333333333336,0.9229068734054658,59,-33.333333333333336,33.333333333333336,33.333333333333336,49.15254237288135,35.714285714285715,51.89443144563695,0.9265822472153551,52.54237288135594,47.45762711864407,0.0,100.0
DATASET_2,subject12,left_cheek,right_cheek,unfiltered,65.96596229260935,0.0,0.8555970480513008,0.0,0.8555970480513008,68,0.0,33.333333333333336,0.0,9.31372549019608,2.0833333333333335,17.619804662364146,0.869060633733016,100.0,0.0,0.0,85.29411764705883
DATASET_2,subject13,forehead,left_cheek,filtered,107.10137115956393,0.0,0.8938213073225777,0.0,0.8938213073225777,98,0.0,33.333333333333336,0.0,8.843537414965986,2.0833333333333335,17.16929178792376,0.9238693296297226,100.0,0.0,0.0,91.83673469387756
DATASET_2,subject13,forehead,left_cheek,unfiltered,107.10137115956393,0.0,0.8023597792957174,0.0,0.8023597792957174,98,0.0,0.0,0.0,8.16326530612245,2.0833333333333335,16.49572197684645,0.8332697646754677,100.0,0.0,0.0,63.26530612244898
DATASET_2,subject13,forehead,right_cheek,filtered,107.10137115956393,33.333333333333336,0.8435039493565953,33.333333333333336,0.8435039493565953,98,66.66666666666667,33.333333333333336,66.66666666666667,59.8639455782313,70.83333333333333,62.633078276028115,0.8530255616352664,27.55102040816326,72.44897959183673,7.142857142857142,78.57142857142857
DATASET_2,subject13,forehead,right_cheek,unfiltered,107.10137115956393,33.333333333333336,0.7296616597677312,33.333333333333336,0.7296616597677312,98,66.66666666666667,33.333333333333336,66.66666666666667,58.16326530612245,70.83333333333333,60.889104059735345,0.7344874883386242,30.612244897959183,69.38775510204081,5.1020408163265305,16.3265306122449
DATASET_2,subject13,left_cheek,right_cheek,filtered,107.10137115956393,33.333333333333336,0.7844007749892462,33.333333333333336,0.7844007749892462,98,66.66666666666667,33.333333333333336,66.66666666666667,51.36054421768707,68.75,56.644653587477706,0.8147470754649866,46.93877551020408,53.06122448979592,7.142857142857142,59.183673469387756
DATASET_2,subject15,left_cheek,chin,filtered,115.78668316831684,0.0,0.7059680008168423,0.0,0.7059680008168423,104,0.0,0.0,0.0,15.705128205128206,4.166666666666667,25.528599681717793,0.7400565749854948,94.23076923076923,5.769230769230769,0.0,25.961538461538463
DATASET_2,subject16,forehead,chin,filtered,91.79846341463414,33.333333333333336,0.9004952507625058,33.333333333333336,0.9004952507625058,83,66.66666666666667,33.333333333333336,66.66666666666667,51.40562248995985,64.58333333333334,54.02166256950782,0.9093448904756188,45.78313253012048,54.21686746987952,0.0,100.0
DATASET_2,subject16,forehead,chin,unfiltered,91.79846341463414,33.333333333333336,0.8386793181654153,33.333333333333336,0.8386793181654153,84,33.333333333333336,33.333333333333336,33.333333333333336,46.031746031746025,35.41666666666667,48.795003647426654,0.8431437475197358,61.904761904761905,38.095238095238095,0.0,76.19047619047619
DATASET_2,subject16,forehead,left_cheek,filtered,91.79846341463414,0.0,0.7589754720575771,0.0,0.7589754720575771,83,33.333333333333336,33.333333333333336,33.333333333333336,20.080321285140567,37.5,26.384044507079267,0.7722039896932781,98.79518072289156,1.2048192771084338,0.0,44.57831325301205
DATASET_2,subject16,forehead,right_cheek,filtered,91.79846341463414,33.333333333333336,0.8085114736607523,33.333333333333336,0.8085114736607523,83,66.66666666666667,33.333333333333336,66.66666666666667,50.602409638554214,68.75,56.91770521846441,0.8415137023141765,44.57831325301205,55.42168674698795,7.228915662650602,74.69879518072288
DATASET_2,subject16,left_cheek,chin,filtered,91.79846341463414,0.0,0.7287582401391909,0.0,0.7287582401391909,84,0.0,33.333333333333336,33.333333333333336,18.65079365079365,37.5,25.97312408246599,0.7633139690656845,97.61904761904762,2.380952380952381,0.0,40.476190476190474
DATASET_2,subject16,right_cheek,chin,filtered,91.79846341463414,0.0,0.8312160231018006,0.0,0.8312160231018006,83,0.0,0.0,0.0,9.63855421686747,2.0833333333333335,17.924428597928834,0.8326841393004002,100.0,0.0,0.0,63.85542168674698
DATASET_2,subject17,forehead,chin,filtered,85.40310312805475,0.0,0.7639052962793018,0.0,0.7639052962793018,77,0.0,33.333333333333336,33.333333333333336,24.675324675324678,37.5,33.333333333333336,0.801862070767705,87.01298701298701,12.987012987012985,0.0,50.649350649350644
DATASET_2,subject17,forehead,left_cheek,filtered,85.40310312805475,0.0,0.809301534653053,0.0,0.809301534653053,77,0.0,0.0,0.0,10.389610389610393,2.0833333333333335,18.609684207969416,0.8553008369062834,100.0,0.0,0.0,79.22077922077922
DATASET_2,subject17,forehead,left_cheek,unfiltered,85.40310312805475,0.0,0.7295300713069274,0.0,0.7295300713069274,77,0.0,0.0,0.0,9.090909090909093,2.0833333333333335,17.40776559556978,0.7454106135658436,100.0,0.0,0.0,20.77922077922078
DATASET_2,subject17,forehead,right_cheek,filtered,85.40310312805475,0.0,0.9121641791040499,0.0,0.9121641791040499,77,0.0,0.0,0.0,2.164502164502165,2.0833333333333335,8.494119857293759,0.9216252287278014,100.0,0.0,0.0,100.0
DATASET_2,subject17,forehead,right_cheek,unfiltered,85.40310312805475,0.0,0.8614210015757844,0.0,0.8614210015757844,77,0.0,0.0,0.0,0.43290043290043295,2.0833333333333335,3.798685881987932,0.867959209246947,100.0,0.0,0.0,88.31168831168831
DATASET_2,subject17,left_cheek,right_cheek,filtered,85.40310312805475,0.0,0.7762534073842579,0.0,0.7762534073842579,76,0.0,33.333333333333336,33.333333333333336,18.859649122807014,37.5,26.213250521901642,0.8355991154093944,97.36842105263158,2.631578947368421,0.0,67.10526315789474
DATASET_2,subject17,right_cheek,chin,filtered,85.40310312805475,0.0,0.7179237940833679,0.0,0.7179237940833679,77,0.0,33.333333333333336,33.333333333333336,28.138528138528148,6.25,40.02163916847486,0.7518520698311904,77.92207792207793,22.07792207792208,3.896103896103896,33.76623376623377
DATASET_2,subject22,forehead,chin,filtered,101.79305561023622,33.333333333333336,0.8075984880709113,33.333333333333336,0.8075984880709113,93,66.66666666666667,0.0,66.66666666666667,62.365591397849485,68.75,67.2021505032247,0.8424335852236329,16.129032258064516,83.87096774193549,12.903225806451612,63.44086021505376
DATASET_2,subject22,forehead,chin,unfiltered,101.79305561023622,33.333333333333336,0.7177650566843187,33.333333333333336,0.7177650566843187,92,66.66666666666667,0.0,66.66666666666667,59.42028985507247,68.75,63.702205727060615,0.730031931929268,21.73913043478261,78.26086956521739,7.608695652173914,19.565217391304348
DATASET_2,subject22,forehead,left_cheek,filtered,101.79305561023622,33.333333333333336,0.8799523423101905,33.333333333333336,0.8799523423101905,93,66.66666666666667,0.0,66.66666666666667,62.007168458781365,70.83333333333333,64.75761258027333,0.8839675619714357,23.655913978494624,76.34408602150538,9.67741935483871,89.24731182795699
DATASET_2,subject22,forehead,left_cheek,unfiltered,101.79305561023622,33.333333333333336,0.7927443228220308,33.333333333333336,0.7927443228220308,92,66.66666666666667,33.333333333333336,66.66666666666667,58.33333333333333,70.83333333333333,60.89112799578469,0.7974413458048459,29.347826086956523,70.65217391304348,4.3478260869565215,47.82608695652174
DATASET_2,subject22,forehead,right_cheek,filtered,101.79305561023622,33.333333333333336,0.8027224784451978,33.333333333333336,0.8027224784451978,93,66.66666666666667,33.333333333333336,66.66666666666667,57.70609318996414,39.583333333333336,63.45300898196235,0.8218123395891388,47.31182795698925,52.68817204301075,19.35483870967742,58.06451612903226
DATASET_2,subject22,forehead,right_cheek,unfiltered,101.79305561023622,33.333333333333336,0.7053033227847652,33.333333333333336,0.7053033227847652,92,66.66666666666667,33.333333333333336,66.66666666666667,56.88405797101448,37.5,62.45771516454056,0.6900319381740238,48.91304347826087,51.08695652173913,19.565217391304348,23.91304347826087
DATASET_2,subject22,left_cheek,chin,filtered,101.79305561023622,0.0,0.7414621224152728,0.0,0.7414621224152728,93,0.0,0.0,0.0,16.12903225806452,4.166666666666667,23.696608854574333,0.7969404704672681,98.9247311827957,1.0752688172043012,0.0,48.38709677419355
DATASET_2,subject22,left_cheek,right_cheek,filtered,101.79305561023622,0.0,0.7455218039930903,0.0,0.7455218039930903,93,0.0,33.333333333333336,33.333333333333336,21.146953405017918,37.5,27.43516305843672,0.7828302044417628,97.84946236559139,2.1505376344086025,0.0,43.01075268817204
DATASET_2,subject23,forehead,chin,filtered,63.28856843718079,0.0,0.7684723549497826,0.0,0.7684723549497826,57,0.0,33.333333333333336,33.333333333333336,19.88304093567252,7.142857142857143,29.94471839647277,0.834853867923889,92.98245614035088,7.017543859649122,1.7543859649122806,70.17543859649122
DATASET_2,subject23,forehead,left_cheek,filtered,63.28856843718079,33.333333333333336,0.9039214422020669,33.333333333333336,0.9039214422020669,57,66.66666666666667,0.0,66.66666666666667,63.74269005847953,66.66666666666666,66.52030717800791,0.9215409882132791,21.052631578947366,78.94736842105263,12.280701754385964,98.24561403508771
DATASET_2,subject23,forehead,left_cheek,unfiltered,63.28856843718079,33.333333333333336,0.8140260268881684,33.333333333333336,0.8140260268881684,57,66.66666666666667,33.333333333333336,66.66666666666667,58.47953216374269,66.66666666666666,60.53690898062005,0.8246012235044352,26.31578947368421,73.68421052631578,1.7543859649122806,68.42105263157895
DATASET_2,subject23,forehead,right_cheek,filtered,63.28856843718079,33.333333333333336,0.8975477708308058,33.333333333333336,0.8975477708308058,57,66.66666666666667,33.333333333333336,66.66666666666667,50.87719298245614,38.0952380952381,53.89325960451103,0.8973000750770339,49.122807017543856,50.877192982456144,1.7543859649122806,100.0
DATASET_2,subject23,forehead,right_cheek,unfiltered,63.28856843718079,33.333333333333336,0.8115410984239171,33.333333333333336,0.8115410984239171,57,33.333333333333336,33.333333333333336,33.333333333333336,49.12280701754387,35.714285714285715,51.865773681033275,0.8093034244523554,52.63157894736842,47.368421052631575,0.0,61.40350877192983
DATASET_2,subject23,left_cheek,right_cheek,filtered,63.28856843718079,0.0,0.8226483142212742,0.0,0.8226483142212742,58,0.0,33.333333333333336,0.0,17.24137931034483,4.761904761904762,28.365431446558777,0.8628607687818892,89.65517241379311,10.344827586206897,0.0,86.20689655172413
DATASET_2,subject23,right_cheek,chin,filtered,63.28856843718079,-33.333333333333336,0.7204358157009846,-33.333333333333336,0.7204358157009846,58,-66.66666666666667,33.333333333333336,66.66666666666667,59.77011494252874,69.04761904761907,65.21405955174383,0.7749655205264412,39.6551724137931,60.3448275862069,15.517241379310345,39.6551724137931
DATASET_2,subject3,forehead,left_cheek,filtered,101.17044419766795,0.0,0.8264121976413021,0.0,0.8264121976413021,78,0.0,0.0,0.0,10.683760683760685,2.0833333333333335,18.87128390240993,0.8466127647286463,100.0,0.0,0.0,73.07692307692307
DATASET_2,subject3,forehead,left_cheek,unfiltered,101.17044419766795,0.0,0.7412052609451247,0.0,0.7412052609451247,79,0.0,0.0,0.0,8.438818565400846,2.0833333333333335,16.771820180887588,0.749883475038561,100.0,0.0,0.0,29.11392405063291
DATASET_2,subject3,forehead,right_cheek,filtered,101.17044419766795,33.333333333333336,0.9227804366946034,33.333333333333336,0.9227804366946034,78,66.66666666666667,33.333333333333336,66.66666666666667,53.84615384615386,70.83333333333333,57.23943812052383,0.9155536030645831,43.58974358974359,56.41025641025641,5.128205128205128,100.0
DATASET_2,subject3,forehead,right_cheek,unfiltered,101.17044419766795,33.333333333333336,0.8552322653519204,33.333333333333336,0.8552322653519204,79,66.66666666666667,33.333333333333336,66.66666666666667,52.32067510548523,37.5,55.87810724423576,0.8535829786166721,48.10126582278481,51.89873417721519,5.063291139240507,87.34177215189874
DATASET_2,subject3,left_cheek,right_cheek,filtered,101.17044419766795,33.333333333333336,0.7560005554248094,33.333333333333336,0.7560005554248094,78,66.66666666666667,33.333333333333336,66.66666666666667,54.70085470085469,68.75,61.55626523087467,0.7746987307448945,34.61538461538461,65.38461538461539,11.538461538461538,37.17948717948718
DATASET_2,subject30,forehead,left_cheek,filtered,92.71101084812624,33.333333333333336,0.8348473427624705,33.333333333333336,0.8348473427624705,89,66.66666666666667,33.333333333333336,66.66666666666667,53.18352059925094,70.83333333333333,56.75362352107164,0.895021331057107,46.06741573033708,53.93258426966292,5.617977528089887,82.02247191011236
DATASET_2,subject30,forehead,left_cheek,unfiltered,92.71101084812624,33.333333333333336,0.7457462021611037,33.333333333333336,0.7457462021611037,92,66.66666666666667,33.333333333333336,66.66666666666667,52.898550724637694,31.25,57.104024072016074,0.8076769298393947,47.82608695652174,52.17391304347826,7.608695652173914,53.2608695652174
DATASET_2,subject30,forehead,right_cheek,filtered,92.71101084812624,0.0,0.800216130453578,0.0,0.800216130453578,89,0.0,33.333333333333336,0.0,10.861423220973784,4.166666666666667,20.297414089646786,0.8539866794858674,97.75280898876404,2.247191011235955,0.0,59.55056179775281
DATASET_2,subject30,forehead,right_cheek,unfiltered,92.71101084812624,0.0,0.7035094798878826,0.0,0.7035094798878826,92,0.0,0.0,0.0,7.608695652173913,4.166666666666667,16.666666666666668,0.7192130946595059,98.91304347826086,1.0869565217391304,0.0,25.0
DATASET_2,subject30,left_cheek,right_cheek,filtered,92.71101084812624,0.0,0.8390695858709756,0.0,0.8390695858709756,89,0.0,33.333333333333336,0.0,14.981273408239701,2.0833333333333335,22.346717438466367,0.9075625622443896,100.0,0.0,0.0,80.89887640449437
DATASET_2,subject30,left_cheek,right_cheek,unfiltered,92.71101084812624,0.0,0.7583045294328916,0.0,0.7583045294328916,89,0.0,33.333333333333336,0.0,13.108614232209739,4.166666666666667,22.065615463154213,0.7897479584478545,97.75280898876404,2.247191011235955,0.0,43.82022471910113
DATASET_2,subject31,forehead,chin,filtered,78.23751603354712,33.333333333333336,0.8007079960315258,33.333333333333336,0.8007079960315258,69,66.66666666666667,33.33333333333333,66.66666666666667,75.36231884057972,64.58333333333334,80.45762830018556,0.8409133110861121,15.942028985507244,84.05797101449275,31.88405797101449,73.91304347826086
DATASET_2,subject31,forehead,left_cheek,filtered,78.23751603354712,0.0,0.9156635946488291,0.0,0.9156635946488291,69,0.0,33.333333333333336,0.0,8.695652173913043,2.0833333333333335,17.025130615174973,0.921329587533196,100.0,0.0,0.0,100.0
DATASET_2,subject31,forehead,left_cheek,unfiltered,78.23751603354712,0.0,0.8446444369724231,0.0,0.8446444369724231,69,0.0,33.333333333333336,0.0,8.695652173913043,2.0833333333333335,17.025130615174973,0.8419971508745078,100.0,0.0,0.0,78.26086956521739
DATASET_2,subject31,forehead,right_cheek,filtered,78.23751603354712,33.333333333333336,0.9343339984523167,33.333333333333336,0.9343339984523167,69,66.66666666666667,33.333333333333336,66.66666666666667,51.20772946859905,62.5,54.13646501019736,0.9426029489777942,44.927536231884055,55.072463768115945,0.0,100.0
DATASET_2,subject31,forehead,right_cheek,unfiltered,78.23751603354712,33.333333333333336,0.8784195681859951,33.333333333333336,0.8784195681859951,69,33.333333333333336,33.333333333333336,33.333333333333336,49.27536231884059,37.5,52.321316199274634,0.8807272803102115,50.72463768115942,49.275362318840585,0.0,100.0
DATASET_2,subject31,left_cheek,chin,filtered,78.23751603354712,33.333333333333336,0.7011320394506966,33.333333333333336,0.7011320394506966,70,66.66666666666667,66.66666666666666,66.66666666666667,64.76190476190479,41.66666666666667,72.811999708752,0.7625892095765996,37.142857142857146,62.857142857142854,32.857142857142854,34.285714285714285
DATASET_2,subject31,left_cheek,right_cheek,filtered,78.23751603354712,0.0,0.8771174658284091,0.0,0.8771174658284091,70,0.0,33.333333333333336,0.0,13.80952380952381,4.166666666666667,22.182504188289748,0.9127085571067638,98.57142857142858,1.4285714285714286,0.0,100.0
DATASET_2,subject31,left_cheek,right_cheek,unfiltered,78.23751603354712,0.0,0.7751349480020937,0.0,0.7751349480020937,76,0.0,0.0,0.0,7.456140350877194,4.166666666666667,18.3373201406727,0.814169795096207,96.05263157894737,3.9473684210526314,0.0,51.31578947368421
DATASET_2,subject31,right_cheek,chin,filtered,78.23751603354712,33.333333333333336,0.7699289379187018,33.333333333333336,0.7699289379187018,69,33.333333333333336,33.333333333333336,33.333333333333336,55.072463768115945,37.03703703703704,63.44891563557342,0.8200169727694187,53.62318840579711,46.3768115942029,17.391304347826086,66.66666666666666
DATASET_2,subject32,forehead,left_cheek,filtered,107.32875897688147,0.0,0.8678014775091469,0.0,0.8678014775091469,96,0.0,33.333333333333336,0.0,12.847222222222223,2.0833333333333335,20.693978369099085,0.8848003818548212,100.0,0.0,0.0,67.70833333333334
DATASET_2,subject32,forehead,left_cheek,unfiltered,107.32875897688147,0.0,0.7996942167005369,0.0,0.7996942167005369,97,0.0,33.333333333333336,0.0,12.714776632302405,2.0833333333333335,20.587032028522557,0.8104484666940781,100.0,0.0,0.0,56.70103092783505
DATASET_2,subject32,forehead,right_cheek,filtered,107.32875897688147,33.333333333333336,0.8491284109815967,33.333333333333336,0.8491284109815967,96,33.333333333333336,33.333333333333336,33.333333333333336,48.26388888888889,31.25,52.152731543107194,0.8493339376707203,52.083333333333336,47.91666666666667,1.0416666666666665,73.95833333333334
DATASET_2,subject32,forehead,right_cheek,unfiltered,107.32875897688147,0.0,0.7869110236570241,0.0,0.7869110236570241,97,0.0,33.333333333333336,0.0,12.371134020618557,2.0833333333333335,20.306923302672384,0.749667157968906,100.0,0.0,0.0,38.144329896907216
DATASET_2,subject32,left_cheek,right_cheek,filtered,107.32875897688147,0.0,0.8046953318234922,0.0,0.8046953318234922,96,0.0,0.0,0.0,7.986111111111112,2.0833333333333335,16.315750172876015,0.8018771369394326,100.0,0.0,0.0,51.041666666666664
DATASET_2,subject33,forehead,chin,filtered,117.17613806903452,0.0,0.9206815802639537,0.0,0.9206815802639537,108,0.0,0.0,0.0,2.469135802469136,2.0833333333333335,9.07218423253029,0.9304632979022112,100.0,0.0,0.0,95.37037037037037
DATASET_2,subject33,forehead,chin,unfiltered,117.17613806903452,0.0,0.794070048890286,0.0,0.794070048890286,108,0.0,0.0,0.0,2.469135802469136,2.0833333333333335,9.07218423253029,0.82393339018379,100.0,0.0,0.0,62.96296296296296
DATASET_2,subject33,forehead,left_cheek,filtered,117.17613806903452,0.0,0.8710288502739565,0.0,0.8710288502739565,108,0.0,33.333333333333336,0.0,12.345679012345677,2.0833333333333335,20.286020648339484,0.8891054429521237,100.0,0.0,0.0,92.5925925925926
DATASET_2,subject33,forehead,left_cheek,unfiltered,117.17613806903452,0.0,0.7907694481159955,0.0,0.7907694481159955,108,0.0,33.333333333333336,0.0,11.41975308641975,2.0833333333333335,19.510469912690258,0.8100792220814219,100.0,0.0,0.0,56.481481481481474
DATASET_2,subject33,forehead,right_cheek,filtered,117.17613806903452,0.0,0.9133968260911255,0.0,0.9133968260911255,108,0.0,33.333333333333336,0.0,9.567901234567902,2.0833333333333335,17.858612520357326,0.9331139831356188,100.0,0.0,0.0,97.22222222222221
DATASET_2,subject33,forehead,right_cheek,unfiltered,117.17613806903452,0.0,0.8459636029031118,0.0,0.8459636029031118,108,0.0,0.0,0.0,7.71604938271605,2.0833333333333335,16.037507477489605,0.8620121657506765,100.0,0.0,0.0,87.96296296296296
DATASET_2,subject33,left_cheek,chin,filtered,117.17613806903452,-33.333333333333336,0.8394977989791079,-33.333333333333336,0.8394977989791079,108,-33.333333333333336,33.333333333333336,33.333333333333336,49.07407407407409,31.25,53.19039487535211,0.8617410428565431,55.55555555555556,44.44444444444444,4.62962962962963,83.33333333333334
DATASET_2,subject33,left_cheek,right_cheek,filtered,117.17613806903452,0.0,0.8551817803454841,0.0,0.8551817803454841,108,0.0,0.0,0.0,5.246913580246915,2.0833333333333335,13.224867460264537,0.8762155039266277,100.0,0.0,0.0,79.62962962962963
DATASET_2,subject33,left_cheek,right_cheek,unfiltered,117.17613806903452,0.0,0.7329217838720546,0.0,0.7329217838720546,107,0.0,0.0,0.0,5.919003115264798,2.0833333333333335,14.046355535944544,0.7466235568624948,100.0,0.0,0.0,26.168224299065418
DATASET_2,subject33,right_cheek,chin,filtered,117.17613806903452,500.0,0.8649398287373828,500.0,0.8649398287373828,108,-33.333333333333336,33.333333333333336,33.333333333333336,25.0,37.5,34.09620859170735,0.8611310839083548,85.18518518518519,14.814814814814813,0.0,63.888888888888886
DATASET_2,subject33,right_cheek,chin,unfiltered,117.17613806903452,-33.333333333333336,0.7080975153096822,-33.333333333333336,0.7080975153096822,108,-33.333333333333336,33.333333333333336,33.333333333333336,48.4567901234568,35.41666666666667,51.21969142940493,0.7265218445407343,54.629629629629626,45.370370370370374,0.0,24.074074074074073
DATASET_2,subject34,forehead,chin,filtered,116.54664373464374,0.0,0.799240540637738,0.0,0.799240540637738,106,0.0,33.333333333333336,0.0,14.465408805031448,2.0833333333333335,21.958604088171185,0.8517249030035599,100.0,0.0,0.0,63.20754716981132
DATASET_2,subject34,forehead,left_cheek,filtered,116.54664373464374,33.333333333333336,0.891720494379527,33.333333333333336,0.891720494379527,106,66.66666666666667,33.333333333333336,66.66666666666667,53.14465408805031,64.58333333333334,55.60794175819502,0.8985411631427221,40.56603773584906,59.43396226415094,0.0,100.0
DATASET_2,subject34,forehead,left_cheek,unfiltered,116.54664373464374,33.333333333333336,0.7901981069252326,33.333333333333336,0.7901981069252326,106,66.66666666666667,33.333333333333336,66.66666666666667,52.515723270440255,70.83333333333333,55.419119679004346,0.7914398509251949,44.339622641509436,55.660377358490564,1.8867924528301887,46.22641509433962
DATASET_2,subject34,forehead,right_cheek,filtered,116.54664373464374,-500.0,0.810705676323313,-500.0,0.810705676323313,106,33.333333333333336,0.0,33.333333333333336,29.87421383647798,37.5,35.90693771544197,0.8336217909695276,86.79245283018868,13.20754716981132,0.0,56.60377358490566
DATASET_2,subject34,left_cheek,chin,filtered,116.54664373464374,0.0,0.766261504398774,0.0,0.766261504398774,106,0.0,0.0,0.0,9.433962264150946,2.0833333333333335,17.73317255329772,0.8151864892716969,100.0,0.0,0.0,59.43396226415094
DATASET_2,subject34,left_cheek,right_cheek,filtered,116.54664373464374,-500.0,0.7712739727448066,-500.0,0.7712739727448066,106,0.0,33.333333333333336,33.333333333333336,19.811320754716984,37.5,27.280667162636888,0.7859637056992628,96.22641509433963,3.7735849056603774,0.0,39.62264150943396
DATASET_2,subject36,forehead,chin,filtered,119.0246247563353,33.333333333333336,0.830151005353108,33.333333333333336,0.830151005353108,111,33.333333333333336,33.333333333333336,33.333333333333336,49.24924924924924,35.41666666666667,51.98752449100364,0.8531016225828842,52.25225225225225,47.74774774774775,0.0,67.56756756756756
DATASET_2,subject36,forehead,left_cheek,filtered,119.0246247563353,33.333333333333336,0.8227827653089724,33.333333333333336,0.8227827653089724,111,33.333333333333336,33.333333333333336,33.333333333333336,48.94894894894893,35.41666666666667,51.697898145598465,0.846730334506471,53.153153153153156,46.846846846846844,0.0,64.86486486486487
DATASET_2,subject36,forehead,left_cheek,unfiltered,119.0246247563353,33.333333333333336,0.7004692757560543,33.333333333333336,0.7004692757560543,111,33.333333333333336,33.333333333333336,33.333333333333336,48.648648648648624,35.41666666666667,51.406640063737335,0.7307855405839524,54.054054054054056,45.94594594594595,0.0,19.81981981981982
DATASET_2,subject36,forehead,right_cheek,filtered,119.0246247563353,33.333333333333336,0.8312952937079356,33.333333333333336,0.8312952937079356,111,66.66666666666667,0.0,66.66666666666667,61.56156156156157,70.83333333333333,63.51404595862268,0.8340572168902591,19.81981981981982,80.18018018018019,4.504504504504505,58.55855855855856
DATASET_2,subject36,left_cheek,chin,filtered,119.0246247563353,500.0,0.7760720739289875,500.0,0.7760720739289875,110,0.0,0.0,0.0,20.303030303030308,4.166666666666667,30.97734590948617,0.7485847778308631,87.27272727272727,12.727272727272727,0.0,37.27272727272727
DATASET_2,subject36,left_cheek,right_cheek,filtered,119.0246247563353,500.0,0.7446996154901162,500.0,0.7446996154901162,110,33.333333333333336,33.333333333333336,33.333333333333336,34.242424242424235,31.25,43.69314487526515,0.7670625660697408,72.72727272727273,27.27272727272727,3.6363636363636362,39.09090909090909
DATASET_2,subject36,right_cheek,chin,filtered,119.0246247563353,-500.0,0.7834785568476678,-500.0,0.7834785568476678,111,-33.333333333333336,33.333333333333336,33.333333333333336,24.024024024024023,37.5,32.57393223209413,0.7875076643169084,88.28828828828829,11.711711711711711,0.0,46.846846846846844
DATASET_2,subject37,forehead,chin,filtered,62.97210433070866,0.0,0.9001779837346203,0.0,0.9001779837346203,49,0.0,0.0,0.0,4.081632653061225,2.380952380952381,11.664236870396087,0.930407019015985,100.0,0.0,0.0,100.0
DATASET_2,subject37,forehead,chin,unfiltered,62.97210433070866,0.0,0.7724257087940908,0.0,0.7724257087940908,52,0.0,33.333333333333336,0.0,8.974358974358974,2.380952380952381,17.29581738875903,0.7833987925413726,100.0,0.0,0.0,42.30769230769231
DATASET_2,subject37,forehead,left_cheek,filtered,62.97210433070866,0.0,0.8675625715238495,0.0,0.8675625715238495,49,0.0,33.333333333333336,0.0,14.285714285714286,2.380952380952381,21.82178902359924,0.8943328162577883,100.0,0.0,0.0,83.6734693877551
DATASET_2,subject37,forehead,left_cheek,unfiltered,62.97210433070866,0.0,0.7235787353878987,0.0,0.7235787353878987,52,0.0,0.0,0.0,6.41025641025641,2.380952380952381,14.617633655117155,0.7295994252125613,100.0,0.0,0.0,21.153846153846153
DATASET_2,subject37,forehead,right_cheek,filtered,62.97210433070866,0.0,0.8704464261284979,0.0,0.8704464261284979,49,0.0,0.0,0.0,8.16326530612245,2.380952380952381,16.49572197684645,0.8866998540088331,100.0,0.0,0.0,89.79591836734694
DATASET_2,subject37,forehead,right_cheek,unfiltered,62.97210433070866,0.0,0.7358156563545433,0.0,0.7358156563545433,52,0.0,33.333333333333336,0.0,13.461538461538462,2.380952380952381,21.182963643408087,0.7268178801824041,100.0,0.0,0.0,9.615384615384617
DATASET_2,subject37,left_cheek,chin,filtered,62.97210433070866,0.0,0.8188644390103397,0.0,0.8188644390103397,52,0.0,0.0,0.0,10.256410256410257,2.380952380952381,18.490006540840973,0.8234536270923356,100.0,0.0,0.0,67.3076923076923
DATASET_2,subject37,left_cheek,right_cheek,filtered,62.97210433070866,0.0,0.8230712681976297,0.0,0.8230712681976297,52,0.0,33.333333333333336,33.333333333333336,24.358974358974365,4.761904761904762,34.59163477751806,0.8273314612250242,82.6923076923077,17.307692307692307,0.0,76.92307692307693
DATASET_2,subject37,right_cheek,chin,filtered,62.97210433070866,0.0,0.8144568347329473,0.0,0.8144568347329473,49,0.0,33.333333333333336,0.0,14.965986394557824,2.380952380952381,22.335313142016332,0.8495625228177289,100.0,0.0,0.0,57.14285714285714
DATASET_2,subject38,forehead,chin,filtered,109.99679024390242,0.0,0.7098091562204247,0.0,0.7098091562204247,97,0.0,33.333333333333336,0.0,13.402061855670105,4.166666666666667,22.19356686249832,0.7307037796183568,97.9381443298969,2.0618556701030926,0.0,32.98969072164948
DATASET_2,subject38,forehead,left_cheek,filtered,109.99679024390242,33.333333333333336,0.7251868426449617,33.333333333333336,0.7251868426449617,97,66.66666666666667,33.333333333333336,66.66666666666667,60.481099656357394,68.75,65.80195215353793,0.779519883429731,39.175257731958766,60.824742268041234,21.649484536082475,42.2680412371134
DATASET_2,subject38,left_cheek,chin,filtered,109.99679024390242,-33.333333333333336,0.8703330421673139,-33.333333333333336,0.8703330421673139,100,-66.66666666666667,33.333333333333336,66.66666666666667,55.0,70.83333333333333,58.40471822645078,0.8849135632028232,41.0,59.0,6.0,97.0
DATASET_2,subject38,left_cheek,chin,unfiltered,109.99679024390242,-33.333333333333336,0.7705978510190595,-33.333333333333336,0.7705978510190595,101,-66.66666666666667,33.333333333333336,66.66666666666667,56.765676567656755,70.83333333333333,59.70223141259936,0.787965022726782,34.65346534653465,65.34653465346535,4.9504950495049505,35.64356435643564
DATASET_2,subject38,left_cheek,right_cheek,filtered,109.99679024390242,-33.333333333333336,0.8877914619489834,-33.333333333333336,0.8877914619489834,100,-33.333333333333336,33.333333333333336,33.333333333333336,47.0,35.41666666666667,49.777281743560266,0.893670752674832,59.0,41.0,0.0,99.0
DATASET_2,subject38,left_cheek,right_cheek,unfiltered,109.99679024390242,0.0,0.7648559026856142,0.0,0.7648559026856142,101,0.0,33.333333333333336,0.0,9.900990099009903,2.0833333333333335,18.16681048781899,0.783831876186011,100.0,0.0,0.0,28.71287128712871
DATASET_2,subject38,right_cheek,chin,filtered,109.99679024390242,0.0,0.896566164609345,0.0,0.896566164609345,100,0.0,0.0,0.0,6.0,2.0833333333333335,14.142135623730951,0.9167139949593834,100.0,0.0,0.0,100.0
DATASET_2,subject38,right_cheek,chin,unfiltered,109.99679024390242,0.0,0.7817440558560411,0.0,0.7817440558560411,100,0.0,0.0,0.0,6.0,2.0833333333333335,14.142135623730951,0.7924056248805924,100.0,0.0,0.0,44.0
DATASET_2,subject39,forehead,chin,filtered,85.02252479135984,33.333333333333336,0.8290699721264728,33.333333333333336,0.8290699721264728,75,66.66666666666667,33.333333333333336,66.66666666666667,53.77777777777777,70.83333333333333,57.21952528703881,0.8284692109640847,44.0,56.00000000000001,5.333333333333334,64.0
DATASET_2,subject39,forehead,chin,unfiltered,85.02252479135984,33.333333333333336,0.7019088143713952,33.333333333333336,0.7019088143713952,75,66.66666666666667,33.333333333333336,66.66666666666667,57.33333333333334,68.75,60.0,0.6848882549597338,29.333333333333332,70.66666666666667,2.666666666666667,2.666666666666667
DATASET_2,subject39,forehead,left_cheek,filtered,85.02252479135984,0.0,0.8955908815438668,0.0,0.8955908815438668,75,0.0,0.0,0.0,4.888888888888888,2.0833333333333335,12.76569477008451,0.9183342446407688,100.0,0.0,0.0,100.0
DATASET_2,subject39,forehead,left_cheek,unfiltered,85.02252479135984,0.0,0.8149185927228463,0.0,0.8149185927228463,75,0.0,0.0,0.0,3.1111111111111116,2.0833333333333335,10.183501544346312,0.8205364135166209,100.0,0.0,0.0,70.66666666666667
DATASET_2,subject39,forehead,right_cheek,filtered,85.02252479135984,33.333333333333336,0.8730092851123312,33.333333333333336,0.8730092851123312,75,33.333333333333336,33.333333333333336,33.333333333333336,47.55555555555555,35.41666666666667,50.33222956847167,0.8799759848937331,57.333333333333336,42.66666666666667,0.0,97.33333333333334
DATASET_2,subject39,forehead,right_cheek,unfiltered,85.02252479135984,0.0,0.7894228764477998,0.0,0.7894228764477998,75,0.0,33.333333333333336,0.0,12.444444444444446,2.0833333333333335,20.367003088692623,0.8007164785067942,100.0,0.0,0.0,50.66666666666667
DATASET_2,subject39,left_cheek,chin,filtered,85.02252479135984,0.0,0.7442129538354041,0.0,0.7442129538354041,75,0.0,33.333333333333336,33.333333333333336,18.222222222222225,31.25,24.645636680909817,0.7718656344287896,100.0,0.0,0.0,41.333333333333336
DATASET_2,subject39,left_cheek,right_cheek,filtered,85.02252479135984,0.0,0.8146881191484923,0.0,0.8146881191484923,75,0.0,0.0,0.0,6.666666666666667,2.0833333333333335,14.9071198499986,0.8223625161314817,100.0,0.0,0.0,68.0
DATASET_2,subject39,right_cheek,chin,filtered,85.02252479135984,0.0,0.749542992243348,0.0,0.749542992243348,75,0.0,0.0,0.0,12.88888888888889,2.0833333333333335,20.727509006864036,0.7675471957187071,100.0,0.0,0.0,32.0
DATASET_2,subject4,forehead,chin,filtered,112.27390350877194,33.333333333333336,0.8627430032280288,33.333333333333336,0.8627430032280288,62,66.66666666666667,33.333333333333336,66.66666666666667,55.913978494623656,38.0952380952381,60.75982449284588,0.882998861723699,46.774193548387096,53.2258064516129,14.516129032258066,83.87096774193549
DATASET_2,subject4,forehead,chin,unfiltered,112.27390350877194,33.333333333333336,0.7728061653762951,33.333333333333336,0.7728061653762951,62,33.333333333333336,33.333333333333336,33.333333333333336,51.612903225806456,38.0952380952381,55.841557731607686,0.7840189806649878,53.2258064516129,46.774193548387096,8.064516129032258,43.54838709677419
DATASET_2,subject4,forehead,left_cheek,filtered,112.27390350877194,33.333333333333336,0.9235193271911776,33.333333333333336,0.9235193271911776,62,66.66666666666667,33.333333333333336,66.66666666666667,54.83870967741936,64.28571428571429,57.110846128557,0.9171098544709473,35.483870967741936,64.51612903225806,0.0,100.0
DATASET_2,subject4,forehead,left_cheek,unfiltered,112.27390350877194,33.333333333333336,0.882510683962765,33.333333333333336,0.882510683962765,62,66.66666666666667,33.333333333333336,66.66666666666667,55.37634408602152,64.28571428571429,57.57961606662491,0.8712044262266025,33.87096774193548,66.12903225806451,0.0,100.0
DATASET_2,subject4,forehead,right_cheek,filtered,112.27390350877194,33.333333333333336,0.9126081660599966,33.333333333333336,0.9126081660599966,62,66.66666666666667,25.0,66.66666666666667,58.06451612903227,64.28571428571429,59.86843400892498,0.9195753853347683,25.806451612903224,74.19354838709677,0.0,100.0
DATASET_2,subject4,forehead,right_cheek,unfiltered,112.27390350877194,33.333333333333336,0.8424614827465879,33.333333333333336,0.8424614827465879,62,66.66666666666667,33.333333333333336,66.66666666666667,57.526881720430126,64.28571428571429,59.41772420600431,0.8414340325061752,27.419354838709676,72.58064516129032,0.0,88.70967741935483
DATASET_2,subject4,left_cheek,chin,filtered,112.27390350877194,0.0,0.8297706472249732,0.0,0.8297706472249732,62,0.0,0.0,0.0,11.827956989247312,2.380952380952381,19.856113239375688,0.8589595105571527,100.0,0.0,0.0,82.25806451612904
DATASET_2,subject4,left_cheek,chin,unfiltered,112.27390350877194,0.0,0.7280989167066461,0.0,0.7280989167066461,63,0.0,0.0,0.0,5.291005291005292,2.380952380952381,13.280317881493264,0.7605778725811275,100.0,0.0,0.0,26.984126984126984
DATASET_2,subject4,left_cheek,right_cheek,filtered,112.27390350877194,0.0,0.8651482287207979,0.0,0.8651482287207979,62,0.0,0.0,0.0,8.064516129032258,2.380952380952381,16.395645894598825,0.8950147552510771,100.0,0.0,0.0,90.32258064516128
DATASET_2,subject4,left_cheek,right_cheek,unfiltered,112.27390350877194,0.0,0.8087388267107846,0.0,0.8087388267107846,63,0.0,0.0,0.0,5.8201058201058204,2.380952380952381,13.928514900622417,0.8273101184439099,100.0,0.0,0.0,68.25396825396825
DATASET_2,subject4,right_cheek,chin,filtered,112.27390350877194,0.0,0.8002453625796099,0.0,0.8002453625796099,62,0.0,66.66666666666667,33.333333333333336,24.193548387096772,30.952380952380953,28.398091712353242,0.8492718896301555,100.0,0.0,0.0,74.19354838709677
DATASET_2,subject40,forehead,chin,filtered,86.96957544378698,0.0,0.8114763583858786,0.0,0.8114763583858786,76,0.0,33.333333333333336,33.333333333333336,21.05263157894737,37.5,28.09757434745082,0.8633906548969601,96.05263157894737,3.9473684210526314,0.0,75.0
DATASET_2,subject40,forehead,chin,unfiltered,86.96957544378698,0.0,0.7175406766442513,0.0,0.7175406766442513,77,0.0,33.333333333333336,33.333333333333336,18.614718614718615,4.166666666666667,27.128043348732987,0.7766576813518392,94.8051948051948,5.194805194805195,0.0,36.36363636363637
DATASET_2,subject40,forehead,left_cheek,filtered,86.96957544378698,33.333333333333336,0.9039334038184461,33.333333333333336,0.9039334038184461,76,66.66666666666667,0.0,66.66666666666667,66.66666666666669,70.83333333333333,67.10382982072028,0.9121115400124045,2.631578947368421,97.36842105263158,2.631578947368421,96.05263157894737
DATASET_2,subject40,forehead,left_cheek,unfiltered,86.96957544378698,33.333333333333336,0.8432883655139815,33.333333333333336,0.8432883655139815,77,66.66666666666667,0.0,66.66666666666667,65.80086580086582,70.83333333333333,66.23235151136026,0.8514512575678495,3.896103896103896,96.1038961038961,1.2987012987012987,77.92207792207793
DATASET_2,subject40,forehead,right_cheek,filtered,86.96957544378698,33.333333333333336,0.8977598117176758,33.333333333333336,0.8977598117176758,76,66.66666666666667,8.333333333333329,66.66666666666667,75.0,68.51851851851853,76.37626158259734,0.9052165155646684,0.0,100.0,25.0,100.0
DATASET_2,subject40,forehead,right_cheek,unfiltered,86.96957544378698,33.333333333333336,0.8327396883778841,33.333333333333336,0.8327396883778841,77,66.66666666666667,0.0,66.66666666666667,73.59307359307361,68.75,74.82543417077912,0.831460015150775,0.0,100.0,20.77922077922078,66.23376623376623
DATASET_2,subject40,left_cheek,chin,filtered,86.96957544378698,-33.333333333333336,0.722573685198578,-33.333333333333336,0.722573685198578,76,-33.333333333333336,33.333333333333336,33.333333333333336,57.01754385964911,37.878787878787875,66.2266178532522,0.7997082194280019,52.63157894736842,47.368421052631575,19.736842105263158,50.0
DATASET_2,subject40,left_cheek,right_cheek,filtered,86.96957544378698,0.0,0.8102588407485587,0.0,0.8102588407485587,76,0.0,33.333333333333336,0.0,12.280701754385968,2.0833333333333335,20.232565955562798,0.8608723309850859,100.0,0.0,0.0,77.63157894736842
DATASET_2,subject40,left_cheek,right_cheek,unfiltered,86.96957544378698,0.0,0.7099767735015687,0.0,0.7099767735015687,80,0.0,0.0,0.0,8.333333333333334,1.851851851851852,16.666666666666668,0.7285772601586353,100.0,0.0,0.0,20.0
DATASET_2,subject40,right_cheek,chin,filtered,86.96957544378698,-33.333333333333336,0.7700536923194531,-33.333333333333336,0.7700536923194531,76,-66.66666666666667,33.333333333333336,66.66666666666667,64.03508771929826,68.75,68.82472016116853,0.7711595262531978,27.631578947368425,72.36842105263158,22.36842105263158,35.526315789473685
DATASET_2,subject41,forehead,left_cheek,filtered,100.77937997054492,33.333333333333336,0.7450681012793761,33.333333333333336,0.7450681012793761,91,66.66666666666667,33.333333333333336,66.66666666666667,64.46886446886448,66.66666666666667,69.71072270163937,0.791135562530886,29.67032967032967,70.32967032967034,24.175824175824175,45.05494505494506
DATASET_2,subject41,forehead,right_cheek,filtered,100.77937997054492,33.333333333333336,0.7654512576300564,33.333333333333336,0.7654512576300564,91,66.66666666666667,0.0,66.66666666666667,67.03296703296704,70.83333333333333,69.09496923882935,0.7951808316576732,12.087912087912088,87.91208791208791,13.186813186813188,46.15384615384615
DATASET_2,subject42,forehead,chin,filtered,93.86798530852106,0.0,0.8486689175370123,0.0,0.8486689175370123,86,0.0,33.333333333333336,0.0,12.015503875968994,2.0833333333333335,20.01291572624122,0.8536092898585839,100.0,0.0,0.0,87.20930232558139
DATASET_2,subject42,forehead,chin,unfiltered,93.86798530852106,0.0,0.7281524328834683,0.0,0.7281524328834683,86,0.0,33.333333333333336,0.0,12.015503875968994,4.166666666666667,20.64840403390264,0.7279123686960993,98.83720930232558,1.1627906976744187,0.0,19.767441860465116
DATASET_2,subject42,forehead,left_cheek,filtered,93.86798530852106,0.0,0.931677814500802,0.0,0.931677814500802,86,0.0,33.333333333333336,0.0,9.689922480620158,2.0833333333333335,17.972128867239736,0.9472249702239621,100.0,0.0,0.0,100.0
DATASET_2,subject42,forehead,left_cheek,unfiltered,93.86798530852106,0.0,0.8866798515498601,0.0,0.8866798515498601,86,0.0,25.0,0.0,8.527131782945737,2.0833333333333335,16.85935129529577,0.8987424394480426,100.0,0.0,0.0,100.0
DATASET_2,subject42,forehead,right_cheek,filtered,93.86798530852106,0.0,0.9058916941009493,0.0,0.9058916941009493,86,0.0,0.0,0.0,6.976744186046513,2.0833333333333335,15.249857033260467,0.9287444489210981,100.0,0.0,0.0,100.0
DATASET_2,subject42,forehead,right_cheek,unfiltered,93.86798530852106,0.0,0.8399393143455584,0.0,0.8399393143455584,86,0.0,0.0,0.0,6.5891472868217065,2.0833333333333335,14.820197127368342,0.8527833264070822,100.0,0.0,0.0,88.37209302325581
DATASET_2,subject42,left_cheek,chin,filtered,93.86798530852106,0.0,0.8274853576653145,0.0,0.8274853576653145,86,0.0,33.333333333333336,16.666666666666668,16.666666666666664,2.0833333333333335,23.570226039551585,0.8523825784943297,100.0,0.0,0.0,80.23255813953489
DATASET_2,subject42,left_cheek,right_cheek,filtered,93.86798530852106,0.0,0.8924920230122557,0.0,0.8924920230122557,86,0.0,0.0,0.0,5.426356589147288,2.0833333333333335,13.44910974643215,0.9092284587877432,100.0,0.0,0.0,98.83720930232558
DATASET_2,subject42,left_cheek,right_cheek,unfiltered,93.86798530852106,0.0,0.7986942941972327,0.0,0.7986942941972327,86,0.0,0.0,0.0,8.13953488372093,2.0833333333333335,16.47172818672541,0.8177725019812795,100.0,0.0,0.0,66.27906976744185
DATASET_2,subject42,right_cheek,chin,filtered,93.86798530852106,0.0,0.7731548198262524,0.0,0.7731548198262524,87,0.0,0.0,0.0,13.026819923371647,2.0833333333333335,20.83812205499946,0.8030874321881653,100.0,0.0,0.0,54.02298850574713
DATASET_2,subject43,forehead,chin,filtered,97.04197660527626,33.333333333333336,0.8677905486366629,33.333333333333336,0.8677905486366629,89,66.66666666666667,0.0,66.66666666666667,72.65917602996255,68.75,73.7780184404119,0.9007224279695039,0.0,100.0,17.97752808988764,91.01123595505618
DATASET_2,subject43,forehead,chin,unfiltered,97.04197660527626,33.333333333333336,0.8092318349605813,33.333333333333336,0.8092318349605813,89,66.66666666666667,0.0,66.66666666666667,72.65917602996255,68.75,73.7780184404119,0.828461376753109,0.0,100.0,17.97752808988764,64.04494382022472
DATASET_2,subject43,forehead,left_cheek,filtered,97.04197660527626,33.333333333333336,0.8672782746258167,33.333333333333336,0.8672782746258167,89,33.333333333333336,33.333333333333336,33.333333333333336,49.812734082397,35.41666666666667,52.526671187288066,0.8738811926410903,50.56179775280899,49.43820224719101,0.0,88.76404494382022
DATASET_2,subject43,forehead,left_cheek,unfiltered,97.04197660527626,33.333333333333336,0.7967557784264067,33.333333333333336,0.7967557784264067,89,33.333333333333336,33.333333333333336,33.333333333333336,48.314606741573044,35.41666666666667,51.08070528032166,0.7963055450525387,55.0561797752809,44.9438202247191,0.0,48.31460674157304
DATASET_2,subject43,forehead,right_cheek,filtered,97.04197660527626,33.333333333333336,0.8585692364753457,33.333333333333336,0.8585692364753457,89,33.333333333333336,33.333333333333336,33.333333333333336,48.68913857677902,68.75,52.645375680342006,0.8723022805401279,50.56179775280899,49.43820224719101,1.1235955056179776,98.87640449438202
DATASET_2,subject43,forehead,right_cheek,unfiltered,97.04197660527626,33.333333333333336,0.8044392580296803,33.333333333333336,0.8044392580296803,89,33.333333333333336,33.333333333333336,33.333333333333336,47.94007490636704,62.5,51.68810718598054,0.8105139277125545,51.68539325842697,48.31460674157304,0.0,58.42696629213483
DATASET_2,subject43,left_cheek,chin,filtered,97.04197660527626,33.333333333333336,0.7760379267547731,33.333333333333336,0.7760379267547731,89,66.66666666666667,33.333333333333336,66.66666666666667,57.67790262172285,70.83333333333333,61.60564852420102,0.8546863661050174,38.20224719101123,61.79775280898876,11.235955056179774,67.41573033707866
DATASET_2,subject43,left_cheek,right_cheek,filtered,97.04197660527626,0.0,0.8522576417120804,0.0,0.8522576417120804,89,0.0,0.0,0.0,5.2434456928838955,2.0833333333333335,13.22049632563505,0.8695330462040051,100.0,0.0,0.0,80.89887640449437
DATASET_2,subject43,left_cheek,right_cheek,unfiltered,97.04197660527626,0.0,0.7713107036906273,0.0,0.7713107036906273,93,0.0,0.0,0.0,2.8673835125448033,2.0833333333333335,9.776474334756886,0.7884907238891442,100.0,0.0,0.0,43.01075268817204
DATASET_2,subject43,right_cheek,chin,filtered,97.04197660527626,33.333333333333336,0.7997697347671792,33.333333333333336,0.7997697347671792,89,66.66666666666667,33.333333333333336,66.66666666666667,58.80149812734084,70.83333333333333,61.50423998051292,0.8524119514675301,29.213483146067414,70.78651685393258,5.617977528089887,77.52808988764045
DATASET_2,subject43,right_cheek,chin,unfiltered,97.04197660527626,33.333333333333336,0.7125801371109186,33.333333333333336,0.7125801371109186,91,66.66666666666667,16.66666666666667,66.66666666666667,58.60805860805863,66.66666666666666,60.522753266880244,0.776458959919555,25.274725274725274,74.72527472527473,1.098901098901099,26.373626373626376
DATASET_2,subject44,forehead,chin,filtered,82.213154685176,66.66666666666667,0.7363716879047729,66.66666666666667,0.7363716879047729,72,133.33333333333334,33.33333333333334,133.33333333333334,120.37037037037038,135.41666666666666,122.60042494841063,0.7913282019946173,0.0,100.0,93.05555555555556,47.22222222222222
DATASET_2,subject44,forehead,left_cheek,filtered,82.213154685176,33.333333333333336,0.807317850480354,33.333333333333336,0.807317850480354,72,66.66666666666667,33.33333333333333,66.66666666666667,69.44444444444444,66.66666666666667,74.32826755699807,0.8105359734097206,22.22222222222222,77.77777777777779,29.166666666666668,52.77777777777778
DATASET_2,subject44,forehead,left_cheek,unfiltered,82.213154685176,33.333333333333336,0.7272828148874179,33.333333333333336,0.7272828148874179,73,66.66666666666667,0.0,66.66666666666667,64.84018264840184,68.75,69.13248041111355,0.7165984475666091,23.28767123287671,76.71232876712328,20.54794520547945,20.54794520547945
DATASET_2,subject44,forehead,right_cheek,filtered,82.213154685176,33.333333333333336,0.833055364654872,33.333333333333336,0.833055364654872,72,66.66666666666667,33.333333333333336,66.66666666666667,63.888888888888886,70.83333333333333,68.04138174397717,0.8724731443650524,29.166666666666668,70.83333333333334,20.833333333333336,84.72222222222221
DATASET_2,subject44,forehead,right_cheek,unfiltered,82.213154685176,33.333333333333336,0.7699545837323867,33.333333333333336,0.7699545837323867,73,66.66666666666667,33.333333333333336,66.66666666666667,59.360730593607315,68.75,64.34306832441474,0.7935695880177003,38.35616438356164,61.64383561643836,17.80821917808219,47.94520547945205
DATASET_2,subject44,left_cheek,chin,filtered,82.213154685176,0.0,0.7700235904638361,0.0,0.7700235904638361,72,0.0,33.333333333333336,0.0,14.814814814814817,2.0833333333333335,22.222222222222225,0.8033144510020681,100.0,0.0,0.0,50.0
DATASET_2,subject44,left_cheek,right_cheek,filtered,82.213154685176,0.0,0.8055795808760041,0.0,0.8055795808760041,72,0.0,0.0,0.0,15.740740740740742,4.166666666666667,26.643508462848445,0.8049007316013587,91.66666666666666,8.333333333333332,0.0,54.166666666666664
DATASET_2,subject44,right_cheek,chin,filtered,82.213154685176,33.333333333333336,0.7312935930585536,33.333333333333336,0.7312935930585536,71,33.333333333333336,33.333333333333336,33.333333333333336,47.887323943661976,31.25,53.66096549194197,0.7849254163727948,53.52112676056338,46.478873239436616,5.633802816901409,43.66197183098591
DATASET_2,subject45,forehead,chin,filtered,110.82009005905512,33.333333333333336,0.8906075758925981,33.333333333333336,0.8906075758925981,101,66.66666666666667,33.333333333333336,66.66666666666667,57.75577557755777,70.83333333333333,60.343716627447144,0.893322579828346,30.693069306930692,69.3069306930693,3.9603960396039604,96.03960396039604
DATASET_2,subject45,forehead,chin,unfiltered,110.82009005905512,33.333333333333336,0.8192254908444975,33.333333333333336,0.8192254908444975,100,66.66666666666667,33.333333333333336,66.66666666666667,56.66666666666668,70.83333333333333,59.0668171555645,0.8130484042637657,32.0,68.0,2.0,57.99999999999999
DATASET_2,subject45,forehead,left_cheek,filtered,110.82009005905512,33.333333333333336,0.8871530192655845,33.333333333333336,0.8871530192655845,101,66.66666666666667,33.33333333333333,66.66666666666667,73.26732673267327,70.83333333333333,76.93238498308705,0.9009326972328319,16.831683168316832,83.16831683168317,36.633663366336634,100.0
DATASET_2,subject45,forehead,left_cheek,unfiltered,110.82009005905512,33.333333333333336,0.8020746102344638,33.333333333333336,0.8020746102344638,100,66.66666666666667,33.33333333333333,66.66666666666667,72.0,70.83333333333333,75.71877794400363,0.7971796585276589,18.0,82.0,34.0,47.0
DATASET_2,subject45,forehead,right_cheek,filtered,110.82009005905512,33.333333333333336,0.8804462629199358,33.333333333333336,0.8804462629199358,101,66.66666666666667,0.0,66.66666666666667,63.6963696369637,70.83333333333333,66.252841025079,0.885732749308391,19.801980198019802,80.19801980198021,10.891089108910892,81.1881188118812
DATASET_2,subject45,forehead,right_cheek,unfiltered,110.82009005905512,33.333333333333336,0.7792292511620255,33.333333333333336,0.7792292511620255,100,66.66666666666667,0.0,66.66666666666667,62.0,70.83333333333333,64.63573143221771,0.7697415726196128,23.0,77.0,9.0,41.0
DATASET_2,subject45,left_cheek,chin,filtered,110.82009005905512,-33.333333333333336,0.8425261400401316,-33.333333333333336,0.8425261400401316,101,-33.333333333333336,33.333333333333336,33.333333333333336,44.8844884488449,31.25,50.08244028681618,0.8732836152697702,62.37623762376238,37.62376237623762,3.9603960396039604,95.04950495049505
DATASET_2,subject45,left_cheek,chin,unfiltered,110.82009005905512,0.0,0.723907987941582,0.0,0.723907987941582,101,0.0,33.333333333333336,0.0,14.19141914191419,4.166666666666667,22.24970797449924,0.7539707804049987,99.00990099009901,0.9900990099009901,0.0,18.81188118811881
DATASET_2,subject45,left_cheek,right_cheek,filtered,110.82009005905512,0.0,0.8163570534861911,0.0,0.8163570534861911,101,0.0,33.333333333333336,0.0,18.81188118811881,4.166666666666667,27.94777464863314,0.8582286574637199,93.06930693069307,6.9306930693069315,0.0,88.11881188118812
DATASET_2,subject45,right_cheek,chin,filtered,110.82009005905512,0.0,0.8499412487634687,0.0,0.8499412487634687,101,0.0,33.333333333333336,0.0,12.211221122112208,2.0833333333333335,20.175249789541812,0.8829243647005285,100.0,0.0,0.0,81.1881188118812
DATASET_2,subject45,right_cheek,chin,unfiltered,110.82009005905512,0.0,0.7289001328189876,0.0,0.7289001328189876,100,0.0,33.333333333333336,0.0,10.666666666666668,2.0833333333333335,18.856180831641268,0.7576152952194884,100.0,0.0,0.0,36.0
DATASET_2,subject46,forehead,chin,filtered,96.68196032144651,33.333333333333336,0.7618886099429029,33.333333333333336,0.7618886099429029,87,66.66666666666667,33.333333333333336,66.66666666666667,60.53639846743293,37.03703703703704,70.3938926876041,0.8996902949329101,44.827586206896555,55.172413793103445,22.988505747126435,63.2183908045977
DATASET_2,subject46,forehead,left_cheek,filtered,96.68196032144651,33.333333333333336,0.8096532585604349,33.333333333333336,0.8096532585604349,87,66.66666666666667,0.0,66.66666666666667,65.90038314176246,70.83333333333333,69.66440261037215,0.8737218549560462,24.137931034482758,75.86206896551724,21.839080459770116,81.60919540229885
DATASET_2,subject46,forehead,left_cheek,unfiltered,96.68196032144651,33.333333333333336,0.7057137080837745,33.333333333333336,0.7057137080837745,87,66.66666666666667,33.333333333333336,66.66666666666667,63.21839080459773,70.83333333333333,66.76238339458966,0.8083482091619955,26.436781609195403,73.5632183908046,16.091954022988507,55.172413793103445
DATASET_2,subject46,forehead,right_cheek,filtered,96.68196032144651,33.333333333333336,0.8183574023918663,33.333333333333336,0.8183574023918663,87,66.66666666666667,33.333333333333336,66.66666666666667,57.85440613026821,68.75,60.119081489420196,0.837576551088152,26.436781609195403,73.5632183908046,1.1494252873563218,73.5632183908046
DATASET_2,subject46,left_cheek,right_cheek,filtered,96.68196032144651,0.0,0.7607942803704846,0.0,0.7607942803704846,86,0.0,0.0,0.0,4.651162790697675,2.0833333333333335,12.451456127293808,0.8212719651772851,100.0,0.0,0.0,61.627906976744185
DATASET_2,subject46,right_cheek,chin,filtered,96.68196032144651,0.0,0.7782644361232222,0.0,0.7782644361232222,87,0.0,33.333333333333336,0.0,16.475095785440608,2.0833333333333335,23.434373461108088,0.8528862819532866,100.0,0.0,0.0,70.11494252873564
DATASET_2,subject47,forehead,chin,filtered,111.37760751359369,0.0,0.7901968955383825,0.0,0.7901968955383825,100,0.0,0.0,0.0,6.0,2.0833333333333335,14.142135623730951,0.8424221688432127,100.0,0.0,0.0,62.0
DATASET_2,subject47,forehead,left_cheek,filtered,111.37760751359369,0.0,0.8567553004989208,0.0,0.8567553004989208,100,0.0,0.0,0.0,7.0,4.166666666666667,17.950549357115015,0.8835024714105266,96.0,4.0,0.0,89.0
DATASET_2,subject47,forehead,left_cheek,unfiltered,111.37760751359369,0.0,0.7952901665771989,0.0,0.7952901665771989,100,0.0,0.0,0.0,6.0,4.166666666666667,15.634719199411434,0.8153531541811638,98.0,2.0,0.0,59.0
DATASET_2,subject47,forehead,right_cheek,filtered,111.37760751359369,0.0,0.8626677995589893,0.0,0.8626677995589893,100,0.0,0.0,0.0,8.666666666666668,2.0833333333333335,16.99673171197595,0.8847974424259006,100.0,0.0,0.0,76.0
DATASET_2,subject47,forehead,right_cheek,unfiltered,111.37760751359369,0.0,0.754610099279997,0.0,0.754610099279997,100,0.0,0.0,0.0,6.666666666666668,2.0833333333333335,14.9071198499986,0.8020252506150665,100.0,0.0,0.0,51.0
DATASET_2,subject47,left_cheek,right_cheek,filtered,111.37760751359369,0.0,0.7722671581710824,0.0,0.7722671581710824,100,0.0,0.0,0.0,14.0,4.166666666666667,23.570226039551585,0.7774197870979517,96.0,4.0,0.0,38.0
DATASET_2,subject48,forehead,chin,filtered,87.41854959100205,0.0,0.8598452153817198,0.0,0.8598452153817198,81,0.0,33.333333333333336,0.0,13.991769547325104,2.0833333333333335,21.59611812905667,0.8762937457890498,100.0,0.0,0.0,91.35802469135803
DATASET_2,subject48,forehead,chin,unfiltered,87.41854959100205,0.0,0.7432436474428149,0.0,0.7432436474428149,84,0.0,33.333333333333336,0.0,13.49206349206349,2.0833333333333335,21.20696700934506,0.7593490387031034,100.0,0.0,0.0,26.190476190476193
DATASET_2,subject48,forehead,left_cheek,filtered,87.41854959100205,33.333333333333336,0.7303607555474465,33.333333333333336,0.7303607555474465,81,66.66666666666667,33.333333333333336,66.66666666666667,44.8559670781893,68.75,54.05377599750528,0.7685694774465456,48.148148148148145,51.85185185185185,6.172839506172839,41.9753086419753
DATASET_2,subject48,forehead,right_cheek,filtered,87.41854959100205,33.333333333333336,0.8231248124165557,33.333333333333336,0.8231248124165557,81,66.66666666666667,33.33333333333333,66.66666666666667,72.01646090534979,70.83333333333333,74.53559924999298,0.836092762267813,9.876543209876543,90.12345679012346,25.925925925925924,69.1358024691358
DATASET_2,subject48,forehead,right_cheek,unfiltered,87.41854959100205,33.333333333333336,0.7126976047236915,33.333333333333336,0.7126976047236915,84,66.66666666666667,0.0,66.66666666666667,69.04761904761905,70.83333333333333,71.45502155776113,0.7092377487084529,11.904761904761903,88.09523809523809,19.047619047619047,3.571428571428571
DATASET_2,subject48,right_cheek,chin,filtered,87.41854959100205,-33.333333333333336,0.7792711434853961,-33.333333333333336,0.7792711434853961,81,-66.66666666666667,33.33333333333333,66.66666666666667,74.07407407407408,64.58333333333334,79.08946853356527,0.8023444786326162,22.22222222222222,77.77777777777779,40.74074074074074,51.85185185185185
DATASET_2,subject49,forehead,left_cheek,filtered,87.56820452310718,33.333333333333336,0.8063319580328724,33.333333333333336,0.8063319580328724,77,66.66666666666667,33.33333333333333,66.66666666666667,73.5930735930736,70.83333333333333,76.72969364884683,0.8486093331298923,12.987012987012985,87.01298701298701,33.76623376623377,76.62337662337663
DATASET_2,subject5,forehead,chin,filtered,98.2769141935484,33.333333333333336,0.8534631194472067,33.333333333333336,0.8534631194472067,67,33.333333333333336,33.333333333333336,33.333333333333336,49.751243781094544,35.41666666666667,52.46810608252628,0.8693879679824977,50.74626865671642,49.25373134328358,0.0,100.0
DATASET_2,subject5,forehead,chin,unfiltered,98.2769141935484,33.333333333333336,0.7460309076105544,33.333333333333336,0.7460309076105544,68,33.333333333333336,33.333333333333336,33.333333333333336,50.000000000000014,37.5,53.32107702308686,0.7612122409537556,52.94117647058824,47.05882352941176,2.941176470588235,13.23529411764706
DATASET_2,subject5,forehead,right_cheek,filtered,98.2769141935484,33.333333333333336,0.7465269823571777,33.333333333333336,0.7465269823571777,67,66.66666666666667,66.66666666666666,66.66666666666667,63.18407960199004,68.75,70.18100265975372,0.8003152809298224,29.850746268656714,70.1492537313433,28.35820895522388,50.74626865671642
DATASET_2,subject5,left_cheek,chin,filtered,98.2769141935484,0.0,0.7758426728798108,0.0,0.7758426728798108,67,0.0,33.333333333333336,0.0,18.905472636815922,4.166666666666667,29.36587972810688,0.8079651207219064,89.55223880597015,10.44776119402985,0.0,55.223880597014926
DATASET_2,subject5,right_cheek,chin,filtered,98.2769141935484,0.0,0.8263722166125567,0.0,0.8263722166125567,67,0.0,33.333333333333336,33.333333333333336,21.39303482587065,4.166666666666667,30.7453025979709,0.883617966819243,89.55223880597015,10.44776119402985,0.0,76.11940298507463
DATASET_2,subject5,right_cheek,chin,unfiltered,98.2769141935484,0.0,0.7013161851814046,0.0,0.7013161851814046,72,0.0,33.333333333333336,0.0,17.592592592592595,4.166666666666667,27.21655269759087,0.7436100847446834,93.05555555555556,6.944444444444445,0.0,22.22222222222222
DATASET_2,subject8,forehead,left_cheek,filtered,111.24383283877349,0.0,0.8942100472689088,0.0,0.8942100472689088,102,0.0,33.333333333333336,0.0,12.418300653594772,2.0833333333333335,20.345597929769127,0.9236189307904797,100.0,0.0,0.0,100.0
DATASET_2,subject8,forehead,left_cheek,unfiltered,111.24383283877349,0.0,0.799662077452323,0.0,0.799662077452323,102,0.0,33.333333333333336,0.0,11.11111111111111,2.0833333333333335,19.245008972987527,0.8162701709586491,100.0,0.0,0.0,58.82352941176471
DATASET_2,subject8,forehead,right_cheek,filtered,111.24383283877349,0.0,0.8912786062901321,0.0,0.8912786062901321,102,0.0,0.0,0.0,5.882352941176471,2.0833333333333335,14.0028008402801,0.9130420698503792,100.0,0.0,0.0,98.0392156862745
DATASET_2,subject8,forehead,right_cheek,unfiltered,111.24383283877349,0.0,0.8181112553120963,0.0,0.8181112553120963,102,0.0,0.0,0.0,4.575163398692811,2.0833333333333335,12.349309560582475,0.8345355165927463,100.0,0.0,0.0,76.47058823529412
DATASET_2,subject8,left_cheek,right_cheek,filtered,111.24383283877349,0.0,0.8546487010639673,0.0,0.8546487010639673,102,0.0,0.0,0.0,7.516339869281047,2.0833333333333335,15.82860266446057,0.8899323172866815,100.0,0.0,0.0,86.27450980392157
DATASET_2,subject8,left_cheek,right_cheek,unfiltered,111.24383283877349,0.0,0.734582527157854,0.0,0.734582527157854,103,0.0,0.0,0.0,6.796116504854369,2.0833333333333335,15.051153338813574,0.7424374194931328,100.0,0.0,0.0,21.35922330097087
DATASET_2,subject9,forehead,right_cheek,filtered,108.18640873015872,0.0,0.7878497807630065,0.0,0.7878497807630065,100,0.0,33.333333333333336,0.0,12.000000000000002,2.0833333333333335,20.0,0.8242231088333833,100.0,0.0,0.0,56.99999999999999
